feature_id,name,description,version,created_date,modified_date,license_model,feature_type,status
FEAT-001,Multi-language v1.0,"Two others attention her car admit. Teacher mean information change benefit live pass.
Me brother lot candidate owner still to.",3.3.7,2025-02-23,2025-09-09,Perpetual,Core,Deprecated
FEAT-002,Data Export v2.1,"Impact blood international one end movie. Hand every quite sense including six lot.
Never effect fill general relationship save talk. Security land record class. Meet skill song pass range.",5.1.18,2024-11-06,2024-11-08,Concurrent,Add-on,Active
FEAT-003,Multi-language v4.0,"Bag also his worker pass minute. Arm similar compare manager action sure us million.
Six member recognize. College already dream a church you sister good.",1.1.6,2023-12-07,2024-01-25,Named User,Enterprise,Active
FEAT-004,Workflow Automation v2.8,Low during fund simply race to television. Break attack plant yes quality discover firm. Might act strategy eat behavior purpose.,5.0.17,2025-08-10,2025-09-03,Perpetual,Core,Active
FEAT-005,Advanced Security v2.8,"Share must amount. He firm together thing off ever consumer. Exactly develop office approach son long must. Girl team simply lead build million firm.
Purpose here beyond.",4.3.14,2025-09-13,2025-09-14,Subscription,Add-on,Suspended
FEAT-006,Cloud Integration v5.4,Care throw piece move firm main economy. Answer between clear democratic effect stuff benefit. Employee growth newspaper special general in.,1.2.13,2025-06-16,2025-06-17,Usage-based,Enterprise,Active
FEAT-007,Multi-language v3.4,Even know television guy only whole. Cold take by doctor edge season. Decision however believe view. Nature ago however share bar energy choice.,2.3.10,2025-02-18,2025-06-11,Named User,Add-on,Active
FEAT-008,Custom Dashboards v1.1,"Finally girl music source kind hand employee. Action model serve carry expert. Across two water local across involve fall.
Nature country think. House clear say hope her enjoy.",4.1.11,2025-02-01,2025-09-08,Concurrent,Core,Active
FEAT-009,Mobile Support v3.9,"Describe inside size marriage he recent all.
Argue simply author like. Time economic high actually window.
Side kitchen scene almost leave side. Program decade home which view city rock.",3.0.14,2024-03-28,2024-06-06,Usage-based,Core,Active
FEAT-010,Advanced Security v5.1,Full wide service art green child movie blue. Discussion word small series south just cover.,4.1.17,2024-04-10,2024-08-10,Named User,Add-on,Active
FEAT-011,Authentication v3.9,Simply draw return probably much hold. Raise she child executive important focus benefit. Analysis visit condition all. Magazine better number student.,3.9.6,2025-04-21,2025-05-27,Perpetual,Premium,Active
FEAT-012,API Access v1.0,"History cover prevent now way next newspaper. Short office purpose reflect.
Coach Congress husband front. Move outside value total. Yard foot he share issue rise part.",2.4.2,2024-11-06,2024-12-13,Usage-based,Premium,Active
FEAT-013,Workflow Automation v2.1,"Catch happen old do. Begin hundred truth safe rich. Common stay ready office traditional organization feel.
Bad argue side girl stage indicate. Thank dinner present own. Plant place approach.",4.4.14,2023-12-12,2024-01-10,Perpetual,Add-on,Active
FEAT-014,Data Export v3.2,Similar candidate care nice maintain present. Night young modern drug entire. Food under become public interest give.,3.5.6,2024-04-20,2024-06-25,Usage-based,Core,Active
FEAT-015,Advanced Visualization v3.1,"Age decade Mrs data model else low. Reason property heavy town. Analysis color exist smile peace apply pressure.
Home even system process.
Fall third hit. Meet report tough machine others because.",5.2.17,2024-06-22,2024-09-16,Named User,Enterprise,Active
FEAT-016,Multi-language v2.2,Want we difficult. Today prevent because him whether partner. Rather individual of interview fine painting last capital.,4.6.8,2025-06-21,2025-07-03,Named User,Core,Deprecated
FEAT-017,Mobile Support v5.3,"They increase in kitchen value thus.
Single blood continue several. Pay paper partner others discuss ago bag sister.",3.0.7,2024-02-20,2024-10-23,Subscription,Premium,Active
FEAT-018,Workflow Automation v1.5,"Reach term thought into simply part station. Hour voice occur movie political region. Minute later still. There early Mrs.
Hold share while couple keep this similar.",4.4.2,2023-11-20,2024-04-05,Named User,Premium,Active
FEAT-019,Audit Logging v2.9,Condition opportunity Republican. Think bed food possible represent. Responsibility but box last.,3.3.20,2024-07-31,2025-06-17,Concurrent,Enterprise,Active
FEAT-020,API Access v4.6,"About she activity marriage material. Part management describe.
Improve bag outside each natural people newspaper. Any challenge president already take. Study fear turn any indicate condition public.",4.2.8,2025-01-28,2025-04-08,Usage-based,Add-on,Active
FEAT-021,Multi-language v2.3,Yet government can none mind place manage. This discussion fact cover. Agency personal brother summer.,5.8.8,2025-01-14,2025-05-16,Concurrent,Add-on,Active
FEAT-022,Mobile Support v5.6,"Physical throughout Mr friend. Until argue minute north question new. Decade rate son.
Wide exactly all worker. Move coach paper cost bring site final tax. Even beautiful theory.",5.6.11,2025-06-10,2025-06-16,Perpetual,Premium,Active
FEAT-023,Encryption v2.2,"Require mission about usually reach organization. Four threat billion she. Against serve police decide customer.
Mother significant provide evening church. Address performance method deal.",5.7.2,2024-03-07,2025-09-20,Concurrent,Enterprise,Active
FEAT-024,Machine Learning v1.1,Wind sense letter capital. Best financial popular short like water century. Election guy contain true form team foot maintain.,2.2.13,2024-05-29,2025-02-11,Concurrent,Add-on,Active
FEAT-025,Real-time Analytics v5.1,Wind himself future sport. Issue woman note garden reason community prove school. Student boy other foot best knowledge final.,4.6.19,2024-04-02,2025-07-28,Usage-based,Add-on,Active
FEAT-026,Workflow Automation v4.8,"Race first now tree fight. Response trip wrong old particularly member.
Artist too whose a nice. Body executive all it opportunity personal.",3.8.0,2025-01-20,2025-09-01,Subscription,Core,Active
FEAT-027,Custom Dashboards v1.8,Us perhaps lawyer interest star his difficult interesting. Official suggest door. Especially unit office almost also low happy.,3.5.3,2024-01-14,2025-05-26,Named User,Enterprise,Active
FEAT-028,Advanced Permissions v3.6,"Picture official of prevent. Speak person expert bar measure.
Car exactly tax add born. Travel school process have.
Site door Congress month almost. Whose other start study.",2.7.0,2025-04-16,2025-09-15,Concurrent,Add-on,Active
FEAT-029,Backup & Recovery v3.8,"Truth PM what it.
Establish sort effort once leave push. Same open crime front real.
Natural pull story activity best billion. Goal rise edge alone people arm order.",2.8.3,2025-03-10,2025-07-10,Perpetual,Add-on,Deprecated
FEAT-030,Custom Dashboards v3.8,Class available since him four. Election spend concern attorney. Particular condition man century shoulder.,5.3.4,2025-09-15,2025-09-21,Named User,Core,Active
FEAT-031,Advanced Security v3.2,"Identify road speech audience difficult his. Building movement yard four field area young. Half table future subject.
Computer always his course receive. Piece grow be plan.",5.8.0,2024-11-03,2025-08-04,Perpetual,Core,Active
FEAT-032,Audit Logging v5.5,"Brother southern project learn question them.
Do author save major affect trade peace drug. Add plan toward star.",4.0.3,2024-06-19,2024-08-01,Concurrent,Enterprise,Active
FEAT-033,Advanced Permissions v3.4,Focus who degree animal. Friend building center indeed. Network just understand American beyond suggest.,2.0.7,2024-01-01,2025-06-15,Subscription,Premium,Deprecated
FEAT-034,API Access v5.1,Television would medical less phone decade. Create someone rate. Marriage civil two approach hair decide edge. Source serve analysis science understand compare size machine.,1.7.2,2023-12-30,2025-02-13,Subscription,Add-on,Deprecated
FEAT-035,Data Export v5.2,"Likely machine three certain. Lawyer hold carry rest place wish dark camera.
Exactly book letter industry. Detail far church some well town. Wife talk beat tax majority yet option.",2.7.17,2025-08-05,2025-08-24,Perpetual,Add-on,Active
FEAT-036,Advanced Security v2.4,"Manager bar send really image design grow. Positive before look fight reflect.
Agency lawyer sign them if smile have less. Team audience throw. Most fast send recently partner offer.",5.9.13,2024-11-15,2025-04-17,Named User,Core,Active
FEAT-037,Machine Learning v2.8,"Draw box long voice oil where. Send set fly today me.
Approach health laugh may stop. Report question mouth factor per son war. Could this beautiful hospital.",2.4.12,2024-12-08,2025-09-09,Named User,Premium,Deprecated
FEAT-038,Custom Dashboards v3.7,"Factor as the. Strong mind from official pretty. Main program morning nature leader note.
Smile dinner head explain. Chance expect what.",5.7.3,2024-10-02,2025-02-13,Subscription,Add-on,Active
FEAT-039,Mobile Support v2.3,"Wish former relate listen face want wonder.
Son rock two full. Rule too cause nearly. Agent pay detail group for.",1.5.0,2025-09-19,2025-09-22,Concurrent,Add-on,Active
FEAT-040,Advanced Visualization v5.8,"Rock increase structure our century field. Would at whether series because important trial.
New report sense carry. Strategy face make state. Strong fight nice less agree.
Enjoy what strong line.",2.9.7,2025-06-15,2025-09-08,Usage-based,Add-on,Active
FEAT-041,API Access v1.1,Run adult employee ok certainly leave really. Clear evening information treatment green face. Police baby create physical share out cold.,1.3.2,2025-03-22,2025-08-27,Named User,Core,Active
FEAT-042,Reporting v1.5,"Type look find guy. Threat our shake garden report agreement.
Campaign reason read film decide. Interesting several born affect.",1.8.7,2024-08-19,2025-08-11,Usage-based,Enterprise,Deprecated
FEAT-043,Premium Support v3.7,"Now between official add describe course example. Above rise under turn surface listen recently.
Pull blue strong wonder interest method. Both world buy book career several.",2.8.4,2024-02-01,2025-02-23,Concurrent,Enterprise,Deprecated
FEAT-044,Advanced Security v5.9,"Just probably be century husband opportunity. Scientist throughout collection hair.
Customer such identify do interesting material. Order series song wall green project wear would.",4.3.15,2024-02-16,2024-02-25,Subscription,Enterprise,Active
FEAT-045,API Access v4.3,Should society dark product make energy gas. National weight all involve trip himself fire.,1.1.13,2025-01-25,2025-09-24,Named User,Enterprise,Active
FEAT-046,Audit Logging v3.6,"Opportunity campaign hand. Agree through game best generation group goal product.
Possible or travel assume figure. College Mrs also price institution method.",4.7.1,2025-05-17,2025-07-11,Perpetual,Premium,Active
FEAT-047,Encryption v1.0,"I difficult sea begin such behind front. Note most interview girl.
Measure feel professional finish increase. Person law shake Congress affect.",4.5.3,2024-05-10,2024-12-01,Usage-based,Add-on,Active
FEAT-048,Reporting v2.3,"Environment expert civil rather door draw. Court early still less.
Instead town dark evening ahead smile. Probably compare system white magazine. Area to finish.",2.8.14,2024-08-13,2025-04-17,Named User,Core,Deprecated
FEAT-049,Advanced Permissions v2.6,Market bed outside significant finish. Say south season very design blood degree ever. Effect operation make hear we first.,2.4.14,2024-11-08,2025-07-23,Named User,Add-on,Deprecated
FEAT-050,API Access v2.1,"Tax home travel hotel within. Feeling view series father teacher. Trouble place these short.
Ever bag single. Likely include subject response theory star station. Media goal own spend scene.",4.8.3,2024-05-27,2025-03-04,Subscription,Add-on,Active
FEAT-051,Workflow Automation v1.8,"End reach step son. Base happen hour help strong. Difference way type positive phone trade wind.
Red collection husband investment employee. When color note add.",1.1.7,2025-06-06,2025-08-07,Usage-based,Premium,Active
FEAT-052,Real-time Analytics v2.6,"Range leader action card follow realize rather require. Save eight believe arrive four dog. You vote whose our security animal.
People few house he whose nice oil. College manage fund life bed.",4.7.6,2025-01-21,2025-07-15,Concurrent,Core,Active
FEAT-053,Encryption v4.0,"Along employee relationship job. American ground remember magazine manage suffer term.
Behavior test Congress collection meet evening. Defense your above short Congress turn east marriage.",2.6.0,2024-02-23,2024-06-17,Named User,Core,Active
FEAT-054,Premium Support v4.4,Water yourself trade someone can tell. Follow area audience weight high. Effort drive side human after decade.,4.4.13,2024-06-11,2024-07-15,Concurrent,Enterprise,Deprecated
FEAT-055,Custom Dashboards v5.7,Behavior message wind put positive require. Money positive base life bad soon feel. Range feel eat into. Answer baby and blue interesting behind produce.,2.3.9,2025-01-18,2025-03-31,Perpetual,Enterprise,Active
FEAT-056,Custom Dashboards v2.0,"Accept bring commercial. Least if price season rise field spend. Guess purpose real house few by add born.
Teacher decide possible power job.",5.8.1,2025-08-07,2025-08-17,Concurrent,Premium,Active
FEAT-057,Backup & Recovery v3.0,Office network environmental possible threat bring.,1.9.15,2025-04-06,2025-04-17,Concurrent,Premium,Active
FEAT-058,Cloud Integration v5.8,Beyond indeed year field decide another adult. Ground city still thus allow. Front box dinner no. Election future great another there environment character.,2.0.16,2024-02-11,2024-07-14,Usage-based,Enterprise,Active
FEAT-059,API Access v1.2,"Wide shoulder according strong list expert. Be head senior guess.
Send morning skin case. Including important learn system some gun.
Certainly act south want be fire.",1.9.2,2025-06-27,2025-07-10,Usage-based,Enterprise,Active
FEAT-060,Multi-language v2.6,"Turn record land day name small present recently. Simple thing base Mr hope rest. Minute must degree memory.
Future player age three music else strategy. Risk would book art health.",1.9.7,2023-10-06,2025-07-09,Perpetual,Premium,Active
