Customer_ID,Company_Name,Industry_Type,Company_Size,Employee_Count,Annual_Revenue,Location,State,Country,Years_in_Business,Segment,IT_Budget,Decision_Maker,Contact_Email,Registration_Date
C00001,Smith PLC,Government,large,5902,417326886,Taylorshire,Minnesota,Djibouti,27,Standard,3765256,Jesse Anderson,enewman@example.org,2023-04-18
C00002,"Newman, Johnson and Phillips",Education,medium,508,18918315,North Daniel,Louisiana,Iceland,34,Premium,3619060,Nichole Campbell,parkercameron@example.com,2024-06-14
C00003,"Hawkins, Curtis and Martin",Transportation,large,1990,217700735,South Savannahhaven,Arkansas,Cook Islands,3,Standard,1630884,Tanya Bates,veronicastafford@example.org,2020-02-05
C00004,"Payne, Clayton and Owen",Manufacturing,large,4145,376376122,Port Richardland,Michigan,Cayman Islands,48,Basic,969394,Tina Flores,huntkristina@example.com,2020-04-19
C00005,Harris LLC,Education,medium,578,12197997,Lake Kimberly,North Carolina,Cape Verde,15,Basic,2110208,Sheryl Lopez,sandy41@example.com,2024-03-15
C00006,Taylor PLC,Finance,large,1214,284004833,Port Hannahfurt,Mississippi,Hong Kong,21,Standard,77682,Tammy Collins,lynn82@example.com,2020-03-19
C00007,"Hess, Lopez and Smith",Finance,small,39,3639911,North Anna,Kentucky,Iraq,44,Premium,3147700,Jack Castillo,brittney31@example.org,2021-04-08
C00008,Phillips-Hopkins,Government,small,17,4511626,Port Chelseaview,Utah,Senegal,27,Standard,3948543,Justin Smith,frankrichard@example.com,2021-04-01
C00009,"Phillips, Romero and Perez",Government,small,35,4524440,North Samuel,Virginia,Honduras,12,Standard,3820390,Trevor Hill,glennthompson@example.net,2023-01-06
C00010,Murray Ltd,Education,small,19,3424968,New Matthewburgh,Washington,Seychelles,29,Basic,939189,Jackson Banks,chelsea69@example.org,2021-05-09
C00011,Kennedy Inc,Manufacturing,small,54,4475360,Jacksonstad,Maine,Lebanon,29,Basic,2507218,Dan Mendoza,brianacarter@example.com,2021-07-26
C00012,Gutierrez Ltd,Transportation,small,24,2852504,Port Jasonland,Hawaii,Mauritius,48,Basic,3634224,Jenny Harrison,curtis29@example.net,2024-11-02
C00013,"Ramirez, Powell and Spencer",Technology,large,8825,478113556,North Jerry,Virginia,Guam,2,Premium,2643818,Lance Riley,harrisbrendan@example.net,2021-06-10
C00014,Stevens-Barrera,Government,small,42,2878846,New Victoria,Indiana,Lebanon,15,Basic,1678900,Barbara Thompson,caleb24@example.com,2021-06-20
C00015,Washington LLC,Education,small,68,1369556,Jessicafurt,Oregon,Argentina,34,Premium,1181628,Samantha Gomez,gravesjoseph@example.net,2023-09-21
C00016,Mahoney-Young,Retail,medium,964,21766108,Hawkinsside,Louisiana,Iceland,37,Standard,4579361,Michelle Hoffman,fquinn@example.com,2023-10-12
C00017,"Knight, Johnson and Drake",Technology,small,28,1466807,North Chaseton,California,Tokelau,17,Standard,1130572,Brett Wright,manuelmichael@example.net,2024-10-09
C00018,Davis and Sons,Finance,large,9491,177545941,Lowefurt,Maryland,Saint Helena,35,Premium,2200222,Tiffany Hooper,angelahall@example.com,2024-03-01
C00019,"Davis, Parker and Burns",Healthcare,small,98,4400021,Owensview,New Jersey,Tokelau,24,Basic,2489012,Felicia Martinez,qnicholson@example.com,2021-03-22
C00020,Gonzales-Smith,Media,large,8614,284321727,Pottstown,California,Israel,48,Premium,3259799,Diane Brooks DDS,ymendez@example.net,2020-03-30
C00021,Ruiz-Miller,Retail,medium,554,41501961,Garciaport,Alabama,British Virgin Islands,38,Standard,3137407,Taylor Wilkerson,hhenry@example.org,2022-12-20
C00022,"Armstrong, May and Lloyd",Government,small,65,2130095,Marcusfurt,Wyoming,Moldova,45,Standard,4529076,Mrs. Kim Stewart,jeffreyvincent@example.org,2024-11-12
C00023,Hanson-Rivas,Retail,small,74,4390171,Melissaberg,Idaho,Iraq,7,Premium,2401074,Angel Orozco,barberwilliam@example.org,2021-07-09
C00024,Martin PLC,Education,large,3028,438799970,Lindaport,Idaho,Austria,5,Basic,3764865,Jerry Johnson,bobby26@example.org,2024-12-27
C00025,Tyler Group,Transportation,medium,392,20029115,Brewerfurt,Tennessee,Kenya,38,Standard,1737413,Robert Jones,kennedysuzanne@example.com,2024-09-05
C00026,Jenkins-Davis,Energy,medium,622,5532856,Johnsonhaven,New York,Niger,13,Standard,733833,Julie Harrison,sholmes@example.com,2021-08-21
C00027,Hamilton-Smith,Technology,medium,935,47547516,Bakerfurt,Pennsylvania,Gambia,49,Basic,4271961,Ashley White,selliott@example.net,2024-12-12
C00028,Whitehead-Moore,Finance,small,59,1721438,North Douglas,Rhode Island,Pakistan,23,Basic,396006,Sandra Young,victoriaking@example.net,2022-08-10
C00029,Ashley-Jenkins,Media,small,69,3850112,Mcculloughton,Minnesota,Taiwan,48,Basic,1654593,Wesley Snyder,qlee@example.org,2022-06-06
C00030,Meyer Inc,Technology,small,99,1783151,Hardyshire,West Virginia,Sri Lanka,21,Standard,4921050,Ashley Fields,gilbertnathan@example.net,2021-12-09
C00031,Rich LLC,Transportation,large,8483,478693145,South Kathryn,Michigan,Belize,3,Standard,4107614,Arthur Clay,tyleredwards@example.net,2023-10-15
C00032,Gonzalez-Sherman,Education,medium,794,45667995,Jeffreyport,Tennessee,Nigeria,40,Basic,3551204,Juan Robinson,farmerbrian@example.com,2021-12-22
C00033,Davis-Gutierrez,Energy,small,24,3824869,West Madisonstad,Illinois,Marshall Islands,43,Basic,3987917,Pedro Hurley,hallalexis@example.net,2021-06-15
C00034,Bridges and Sons,Manufacturing,small,63,4660914,South Emily,New Hampshire,Italy,2,Basic,2339142,Stephanie Chavez,johnsamber@example.net,2021-06-25
C00035,Sanchez-Wang,Finance,small,71,4161405,Cooperton,Tennessee,Paraguay,6,Premium,874776,James Koch,meyersrachel@example.com,2022-08-24
C00036,Jacobs-Buchanan,Manufacturing,small,40,3290398,Kevinview,Virginia,Seychelles,1,Premium,308207,Mark Bradford,wwilliams@example.com,2023-07-16
C00037,Jones Group,Technology,medium,212,8767332,Julietown,New Mexico,Indonesia,1,Premium,2170211,Craig Hernandez,william06@example.org,2022-02-22
C00038,"Young, Joseph and Howard",Government,medium,241,22996104,East Marvin,North Carolina,Romania,24,Basic,1021739,Christy Ray,opowell@example.net,2022-06-23
C00039,Todd Group,Retail,large,1135,192161182,Mccoymouth,Nebraska,Norway,13,Standard,4083958,Diane Berry,sharonrobinson@example.com,2023-08-03
C00040,Davis Ltd,Technology,small,44,2835540,Johntown,South Carolina,France,19,Basic,1638996,Ryan Becker,qreese@example.com,2024-02-16
C00041,Olson-Cantu,Technology,small,74,3345173,Carolynmouth,Ohio,Malaysia,29,Standard,227805,Matthew Tran,mcdowellcameron@example.net,2021-01-24
C00042,"Cervantes, Melendez and Kim",Energy,medium,900,21988111,Wushire,New Hampshire,Saint Martin,5,Premium,4698016,Curtis Baird,theresa41@example.net,2022-05-20
C00043,Gamble-White,Media,medium,203,40277046,Hendersonburgh,Wyoming,Congo,43,Basic,4457396,Antonio Bowers,carolynkline@example.com,2024-01-09
C00044,"Williams, Sexton and Simpson",Government,medium,227,12047535,Port Christophermouth,Oregon,Faroe Islands,17,Basic,608761,Richard Gonzalez,peterrodriguez@example.net,2024-04-13
C00045,Murray LLC,Transportation,medium,981,43752213,West Marymouth,Mississippi,Samoa,19,Basic,4446155,Kevin Garcia,hayespeter@example.com,2024-03-24
C00046,"Paul, Holmes and Tate",Energy,small,48,646332,North Mark,New Mexico,Albania,42,Standard,4318700,Hayley Hodges,rhernandez@example.net,2021-08-09
C00047,Guzman LLC,Manufacturing,medium,551,7704444,Lake Jonathanville,Nebraska,Afghanistan,20,Basic,1785201,Jamie Watts,leeelizabeth@example.org,2023-03-30
C00048,"Haynes, Hayes and Lutz",Transportation,small,32,603349,Katrinaside,California,Estonia,19,Standard,1998840,Stephanie Gutierrez,daniel05@example.com,2022-07-01
C00049,"King, Bennett and Gilmore",Media,small,58,761136,East William,New Hampshire,Belgium,30,Basic,4422253,Gregory Austin,fallison@example.net,2024-01-14
C00050,"Fritz, Martinez and Barrett",Healthcare,small,63,4710101,Port Guyfort,Florida,Bouvet Island (Bouvetoya),11,Standard,600586,Chelsea Payne,jonathanpineda@example.net,2021-08-03
C00051,Chang-Martinez,Retail,small,53,4599092,Lorettafurt,Nevada,San Marino,10,Premium,1903328,David Weber,fostertony@example.org,2024-07-01
C00052,"Rogers, Solis and Olson",Manufacturing,medium,149,27862845,Adrianbury,Massachusetts,Lebanon,37,Premium,4635118,Kimberly Johnson,kclarke@example.org,2024-03-12
C00053,Maddox-Alexander,Retail,small,42,3820105,Zacharyland,Alabama,Australia,16,Basic,1595051,Jessica Obrien,arodriguez@example.net,2023-03-19
C00054,Rodriguez Group,Transportation,medium,144,43352076,Evanshaven,Vermont,Saint Vincent and the Grenadines,34,Basic,1408190,Kenneth Davis MD,phensley@example.org,2024-11-12
C00055,"Lee, Ayers and Sanchez",Retail,large,6934,116494505,North Raymond,Washington,Kyrgyz Republic,3,Standard,55777,Amy Owens,riceluis@example.com,2022-12-02
C00056,Acevedo PLC,Education,small,40,3621285,South Mallorychester,Louisiana,Italy,27,Premium,2359530,Barbara Peterson,bjackson@example.com,2020-04-11
C00057,Leon-Richards,Finance,small,71,1401371,North Vanessa,Maryland,New Caledonia,13,Premium,102857,Jason White,terryhansen@example.com,2024-10-29
C00058,Jimenez-Flores,Government,medium,996,7779388,West Cynthia,Washington,Slovenia,33,Premium,916123,Donald Cole,mclaughlinbarbara@example.org,2023-04-09
C00059,"Brooks, Khan and Williams",Finance,small,57,1151701,Christianhaven,Rhode Island,Kyrgyz Republic,1,Premium,1102052,Ryan Johnson,timothystewart@example.org,2021-02-21
C00060,Petersen-Harris,Healthcare,small,31,4295788,New Wandaburgh,Indiana,Palestinian Territory,47,Standard,1164589,Karen Armstrong,grayjessica@example.org,2024-01-19
C00061,Barajas Ltd,Education,small,53,2184798,South Amandatown,Vermont,Slovenia,19,Basic,190887,Max Douglas,icruz@example.com,2020-05-15
C00062,"Jackson, Hahn and Miller",Healthcare,small,60,4641974,Port Shane,Montana,Andorra,37,Premium,739294,Matthew Mckay,melissatownsend@example.org,2023-02-07
C00063,Miles-Anderson,Technology,large,4818,110717916,Vazquezmouth,South Dakota,Cambodia,33,Standard,2255609,Rachel Davis,toddtaylor@example.com,2023-05-15
C00064,Martin and Sons,Healthcare,large,6329,279406617,New Ericaport,Delaware,Cote d'Ivoire,6,Premium,852411,Lisa Moore,jacqueline03@example.net,2020-02-01
C00065,Merritt Ltd,Media,medium,377,29196106,Valentinestad,Connecticut,Mauritania,6,Premium,3180308,Jeffrey Perez,ericherrera@example.com,2021-04-26
C00066,Novak Ltd,Technology,large,7897,454832931,Lake Timothymouth,Washington,Spain,19,Basic,3587078,Jenna Schwartz,vgarcia@example.com,2023-07-11
C00067,Bush-Jordan,Transportation,large,3085,270238603,Katrinabury,California,Paraguay,28,Premium,2527485,Mr. Edward Shepherd,jessica35@example.com,2020-01-12
C00068,Cooke-Munoz,Technology,small,31,3300871,East Cassiefurt,Ohio,Japan,32,Basic,899307,Mr. David Rogers DDS,ccrane@example.net,2023-06-25
C00069,Drake-Jarvis,Technology,large,6265,216111043,Pettyberg,Rhode Island,Faroe Islands,10,Premium,4379119,James Guerrero,elizabeth55@example.com,2020-02-16
C00070,Herrera-Doyle,Technology,medium,413,10685071,Taylorview,Arkansas,Netherlands,16,Standard,4330051,Anne Mckenzie,qjones@example.com,2021-08-24
C00071,"Serrano, Carter and Shepherd",Retail,large,3793,335581832,Nicoletown,New York,Paraguay,37,Premium,4865987,Joshua Price,rodneydavies@example.net,2021-06-27
C00072,"Brown, Hays and Martin",Energy,large,4594,469218899,East Pamela,Massachusetts,Thailand,18,Premium,1548348,Laura Rowe,stephaniedominguez@example.org,2021-01-26
C00073,Hardy Group,Government,small,90,2526772,Toniport,Virginia,Togo,23,Standard,4295054,Amanda Jackson,monroethomas@example.com,2023-09-25
C00074,Robbins-Collins,Government,small,33,3602431,Thomasland,Kansas,Micronesia,11,Basic,1261291,Michael Brown,uthomas@example.com,2022-10-13
C00075,Gray-Ellis,Healthcare,small,69,2658368,Hernandezfurt,Nebraska,Bahamas,12,Premium,3399224,Cassandra Bullock,william10@example.net,2023-08-26
C00076,Higgins Group,Manufacturing,small,36,2296274,Seanton,Idaho,Lesotho,45,Standard,1988831,Zachary Reed,shannonwalker@example.org,2022-12-24
C00077,"Jackson, Smith and White",Retail,large,8768,281112849,North Andreaville,Illinois,French Southern Territories,26,Standard,736247,Michael Higgins,boothkelli@example.org,2022-02-28
C00078,"Coleman, Whitehead and Sosa",Energy,large,1245,69894248,Lake Dawn,New York,Korea,50,Premium,1279321,Kristin Hogan,xrogers@example.org,2021-02-22
C00079,Durham Inc,Education,small,39,604179,Jasonfort,Arkansas,Jamaica,38,Premium,1112290,Tiffany Benitez,victor09@example.org,2024-02-17
C00080,Conrad-Fields,Media,medium,312,15813086,Lake Shawn,Massachusetts,Tanzania,5,Premium,3808849,Jacob Davis,morrisjames@example.com,2020-05-08
C00081,Lewis-Paul,Healthcare,small,15,3430923,Seanburgh,New Mexico,Vanuatu,44,Basic,275650,Rebecca Stephens,ashley88@example.com,2021-01-10
C00082,Contreras PLC,Technology,small,59,2527975,Kimberlyville,North Carolina,United States Virgin Islands,33,Standard,3693283,Megan Mcdaniel,sglover@example.net,2024-09-30
C00083,Black-Garrett,Manufacturing,small,89,992508,South April,Vermont,Vanuatu,26,Standard,2289754,Shawn Pittman,skinnerbryan@example.org,2020-09-19
C00084,Robertson Inc,Education,small,16,540206,Nunezmouth,Illinois,Martinique,20,Basic,1304099,John Cisneros,raymond57@example.net,2022-11-26
C00085,Howell LLC,Energy,large,9110,317971114,Cynthiaberg,Montana,Philippines,33,Premium,680919,Eric Hood,yhale@example.com,2020-03-11
C00086,Miles-Walters,Retail,small,62,1478102,Lake Jimborough,New Jersey,Haiti,19,Standard,2304207,Joseph Lee,zwilson@example.com,2024-11-30
C00087,Arnold-Pittman,Manufacturing,medium,119,30263896,Chrisview,Washington,Gabon,38,Premium,694977,Diana Leach,dustinsmith@example.net,2020-08-05
C00088,"Clayton, Murray and Kim",Media,medium,628,11820136,Walterstown,Kansas,Bhutan,45,Premium,2396596,Kyle Russell,rittermary@example.org,2023-04-29
C00089,Garcia Ltd,Energy,small,77,1686434,Lake Kyle,Wisconsin,Turkey,24,Basic,574172,Whitney Stephens,zpatton@example.net,2024-10-30
C00090,Richardson PLC,Education,large,8227,397109084,Port Ralph,Delaware,Bolivia,24,Premium,1363235,Shawn Taylor,danielle50@example.com,2020-09-05
C00091,Stevens-Castillo,Finance,large,4173,85024500,Lake Timothy,Mississippi,Malta,37,Basic,4896136,James Espinoza,lambertclaudia@example.org,2020-12-19
C00092,Torres Group,Transportation,small,67,4218224,North Pamelaborough,North Carolina,Yemen,34,Standard,1600076,Kim Mckinney,mackenzie92@example.com,2021-01-01
C00093,"Travis, Rodriguez and Dougherty",Healthcare,small,100,2363000,Josephshire,California,Italy,20,Basic,4098390,Frederick Massey,elizabethmiller@example.org,2022-03-01
C00094,Franco-Franklin,Government,small,40,3932187,East Christopher,Wyoming,French Polynesia,46,Standard,4869280,Mary Davis,brianhines@example.org,2023-04-29
C00095,Wolfe PLC,Transportation,small,34,1836834,New John,Utah,Mongolia,30,Standard,1469518,Thomas Lee,hward@example.net,2020-06-05
C00096,Steele Ltd,Technology,small,43,4257848,Karenmouth,Minnesota,South Africa,50,Standard,1097776,Jose Baker,marissacook@example.org,2021-03-13
C00097,"Dennis, Knight and Nelson",Retail,medium,419,46936537,South Jill,Oregon,Ukraine,30,Premium,3994785,Ronald Washington,hughesrobert@example.net,2022-03-10
C00098,"Robinson, Ferguson and Patterson",Finance,medium,157,12412888,North Sabrinaborough,Illinois,Ethiopia,30,Premium,4340286,Kristen Warren,mark74@example.org,2021-05-24
C00099,Norton-Watson,Education,small,24,2654664,Julieshire,Wyoming,Belarus,1,Standard,865883,Theresa Gray,chris22@example.com,2020-11-03
C00100,"Valencia, Wilson and Perez",Government,small,21,4164459,Wendytown,New Jersey,Faroe Islands,22,Standard,3271939,Jeffrey Tran,sampsonanthony@example.net,2024-12-09
C00101,Barnes-Ward,Retail,large,2925,111418103,Jamesshire,South Dakota,Saint Vincent and the Grenadines,28,Premium,1934586,Veronica Meyer,kevincallahan@example.org,2020-04-01
C00102,"Jones, Farmer and Mills",Government,small,81,1767665,East Hollymouth,Michigan,Vanuatu,41,Standard,3172424,Ronnie Martinez II,sierrapalmer@example.com,2020-03-02
C00103,Hall-Hensley,Education,small,86,4861225,Sawyertown,North Carolina,Timor-Leste,45,Standard,626906,Patty Chase,amber41@example.net,2022-10-10
C00104,"Lynch, Collins and Reyes",Healthcare,small,37,4634292,South Andreborough,Wyoming,Norfolk Island,34,Standard,2959847,Roy Edwards,russelltabitha@example.net,2021-06-17
C00105,Taylor-Stewart,Finance,large,4889,223257171,Patrickside,Virginia,Grenada,21,Basic,2598219,Jennifer Gibbs,spencerjesse@example.net,2022-06-14
C00106,Paul Group,Manufacturing,small,96,2064033,North Ashley,Kansas,Suriname,48,Standard,2121653,Lisa Garcia,megan97@example.net,2021-05-24
C00107,Riley-Patel,Transportation,medium,970,45760859,North Codyport,Rhode Island,France,37,Basic,3314839,Michael Larson,tarafoster@example.net,2021-05-14
C00108,"Bass, Hurley and Wiley",Government,medium,507,20640284,Kristinaside,Texas,Djibouti,24,Basic,1922493,Stephen Gutierrez,tina59@example.org,2022-08-22
C00109,Hayes-Lee,Finance,small,39,4190162,North Leslie,Wyoming,Myanmar,14,Premium,4685449,Larry Cervantes,njarvis@example.com,2021-08-16
C00110,Warner-Williams,Energy,medium,894,40166527,Alanville,Montana,Gibraltar,40,Premium,1117615,Richard Foster,zschaefer@example.com,2022-08-25
C00111,Evans PLC,Retail,small,17,3615744,South Susan,Nebraska,United States Minor Outlying Islands,24,Premium,4514647,Hannah Cain,aaronhawkins@example.com,2020-11-03
C00112,Murillo-Henry,Education,medium,330,12958680,North Ryan,California,Kazakhstan,28,Premium,4741511,Travis Johnson,belinda41@example.com,2021-12-09
C00113,Jones-Mitchell,Media,medium,100,48394488,Ingrammouth,Tennessee,Vietnam,39,Premium,3889753,Deborah Foster,millermeredith@example.org,2020-01-23
C00114,Martin PLC,Education,medium,992,18062493,Lake Linda,Virginia,Mongolia,3,Premium,1841507,Ronnie Barajas,taraperry@example.org,2023-01-30
C00115,Coleman-Schmidt,Education,small,23,3783596,Brianbury,Florida,Cameroon,26,Standard,1337723,Debra Gill,mfigueroa@example.net,2022-08-19
C00116,"Hurst, Smith and Brown",Manufacturing,large,2791,419807655,Douglaston,Nebraska,Holy See (Vatican City State),34,Standard,1917771,Eric Mills,tvalenzuela@example.com,2022-11-24
C00117,Diaz-Smith,Technology,small,98,1513863,Arnoldfurt,Indiana,Turkey,3,Premium,4633725,Anthony Smith,dking@example.net,2020-01-29
C00118,Ramsey-Mcgee,Manufacturing,small,24,3837846,Ingramtown,Georgia,Swaziland,31,Standard,1398565,Marc Gray,starkterri@example.org,2023-07-07
C00119,Riley PLC,Retail,small,76,2626456,Jacksonmouth,Kansas,Greenland,45,Premium,997024,Kathryn Gomez,nelsonbryan@example.com,2024-02-18
C00120,"Diaz, Miller and Stephens",Media,medium,722,25335593,New Jason,Hawaii,Korea,12,Premium,3951177,John Santiago,jeremybarr@example.com,2023-11-22
C00121,Whitehead LLC,Technology,medium,843,26797877,Lisaville,New York,Philippines,27,Standard,4368384,Amy Price,ugraham@example.com,2020-09-09
C00122,Kim Ltd,Media,small,63,2615670,West Katie,Wisconsin,Venezuela,20,Standard,3340216,Ashley Graham,gracearnold@example.org,2023-08-23
C00123,Bryant Inc,Energy,medium,702,23687313,South Kevin,Louisiana,Niger,15,Standard,4926829,Charles Ortiz,raymondsantos@example.com,2021-11-21
C00124,"Young, Sanders and Stanton",Transportation,small,56,4373786,West Joshuachester,Wyoming,Chad,1,Premium,2168342,Luis Noble,ashley63@example.org,2023-07-22
C00125,"Mejia, Baker and Martin",Healthcare,medium,698,20673868,East David,Alaska,Portugal,8,Standard,4623921,Mason Sullivan,georgemanning@example.com,2021-11-12
C00126,Sanders Group,Transportation,small,34,1577351,Beasleyburgh,Mississippi,Saint Helena,40,Basic,1443906,Darrell Lopez,zacharymarks@example.net,2024-01-21
C00127,Brown Ltd,Government,medium,490,39820648,South Jennifer,Hawaii,Belarus,2,Standard,1048477,Vincent Tapia,krystalanderson@example.com,2020-02-09
C00128,Harrison-Newman,Education,small,50,2553839,West Erikachester,Idaho,Togo,22,Standard,3605855,Anna Barnes,merrittdavid@example.com,2024-05-31
C00129,Gaines LLC,Retail,large,5833,217191259,New Davidland,Michigan,Reunion,20,Basic,4196029,Sandra Hill,ubooker@example.com,2021-03-07
C00130,Herman Ltd,Retail,small,42,3332614,Port Vincentland,Vermont,Italy,22,Basic,292475,Angela Powell,jwilson@example.net,2024-11-21
C00131,"Luna, Wilson and Morris",Government,small,39,655263,Ashleyburgh,Oregon,Poland,32,Premium,3892581,Lisa Jones,natalie42@example.org,2021-06-27
C00132,Wilson-Roberts,Finance,small,99,4513524,South Nicolemouth,Oklahoma,Luxembourg,4,Basic,420816,Kristin Combs,kathrynhayes@example.net,2023-03-04
C00133,"Ferrell, White and Tucker",Retail,large,9573,172495086,Jensenside,Pennsylvania,Ireland,26,Standard,4190551,Jacob Black,pamela02@example.net,2022-03-29
C00134,"Rubio, Davis and Chavez",Transportation,large,9232,181325049,Lake Johnville,Massachusetts,Peru,38,Basic,3767976,Lindsey Bennett,whaley@example.net,2020-06-20
C00135,Hall Group,Government,small,44,4719894,New Davidstad,Michigan,Senegal,19,Premium,778716,Bryce Cruz,kaylapugh@example.net,2024-06-29
C00136,Bennett LLC,Healthcare,medium,321,16772261,Valentinebury,Wisconsin,Madagascar,9,Standard,222606,Kimberly Thomas,brianleonard@example.net,2024-03-28
C00137,Reynolds LLC,Transportation,large,4117,89116500,Port Joshua,Illinois,Belarus,12,Standard,587876,John Sellers,katelynmurphy@example.com,2021-03-24
C00138,Edwards-Thomas,Manufacturing,medium,132,8661665,Gilbertborough,Michigan,Bahrain,13,Premium,3555892,Denise Smith,petersoncaitlin@example.org,2024-08-29
C00139,Cook-Rice,Transportation,medium,227,36126774,Gregorymouth,New Jersey,Belarus,10,Standard,4268751,Patricia Herrera,howardjohn@example.net,2020-12-21
C00140,"Walters, Taylor and Mclaughlin",Finance,small,44,2047646,Beanfort,Louisiana,Ethiopia,28,Premium,2529146,Karen Phillips,leecharles@example.net,2020-07-10
C00141,Baird LLC,Transportation,small,55,1912541,Latoyafort,Idaho,Mauritania,22,Standard,4582190,Andrew Williams,wrightjacob@example.org,2021-07-01
C00142,Nichols-Delgado,Retail,large,7004,483093974,Davidmouth,Arkansas,British Virgin Islands,11,Basic,4220408,Michael Jackson,julieflynn@example.net,2020-06-25
C00143,Reese Inc,Technology,large,8979,471029475,Obrienfurt,Ohio,Western Sahara,32,Premium,2853385,Denise Walters,natalie91@example.com,2022-01-13
C00144,"Whitehead, Allen and Williams",Energy,medium,226,37319561,Davidmouth,Maine,El Salvador,22,Basic,2972870,Richard Little,fcohen@example.com,2022-10-11
C00145,Torres-Vincent,Healthcare,small,84,1731673,Andreport,Mississippi,Azerbaijan,10,Standard,3445761,Sabrina Wong,wagnerjames@example.net,2020-07-21
C00146,"Lawrence, Dixon and Long",Retail,small,28,2973206,Adkinsshire,Minnesota,Lao People's Democratic Republic,20,Premium,199052,James Miller,davidrobinson@example.org,2020-01-21
C00147,Jordan PLC,Retail,medium,716,7641229,Port John,Arkansas,Zimbabwe,4,Premium,2585527,Mary Park,michaelburns@example.com,2022-12-07
C00148,Young Group,Retail,large,6013,330468087,West Jessestad,Delaware,Nigeria,4,Premium,3988070,Rebecca Williams,jesseshelton@example.org,2021-10-18
C00149,Padilla Ltd,Education,large,4802,307920181,Johnside,Illinois,Kazakhstan,1,Premium,3104885,Jesse Garcia MD,fmiller@example.org,2023-10-02
C00150,Johnson-Young,Technology,medium,643,37748762,Lake Josephbury,Rhode Island,Madagascar,48,Premium,3979072,Jessica Holloway,trujillojoe@example.com,2021-02-04
C00151,Hill-Smith,Media,medium,389,46678076,West David,Iowa,North Macedonia,15,Premium,1567161,Eric Price,ortegacharles@example.org,2024-03-31
C00152,Parrish Group,Healthcare,small,41,3561407,Zacharyshire,Oklahoma,American Samoa,8,Standard,4702847,Christine Sherman,stacyanthony@example.com,2020-06-11
C00153,Harding-Olson,Technology,small,75,924460,Williamschester,Virginia,American Samoa,14,Premium,913685,Christy Bennett,richard45@example.net,2024-07-09
C00154,"Benjamin, Smith and Smith",Education,large,4921,464990449,Jenniferfurt,Oklahoma,Kyrgyz Republic,6,Premium,1226871,Michael Reed,veronica02@example.org,2021-03-19
C00155,"Powell, Pennington and Bell",Energy,medium,558,41656618,New Neil,Montana,Macao,43,Basic,4208770,Mrs. Jennifer Diaz,brandonlopez@example.com,2020-06-23
C00156,"Mcdowell, Burns and Diaz",Technology,small,97,3799102,South Stephanie,Arkansas,Faroe Islands,40,Standard,3913303,Mrs. Lisa Miller,tpratt@example.org,2024-11-29
C00157,"Hart, Valenzuela and Graves",Government,small,32,3435001,New Michaelville,Indiana,India,31,Standard,3790162,Cindy Carrillo,nguyenmindy@example.com,2021-10-01
C00158,Kim-Crawford,Transportation,medium,412,39232803,East Shawnside,Texas,Philippines,42,Premium,4747737,Amanda Mann,allenchris@example.com,2020-01-04
C00159,King Inc,Retail,small,81,1182731,South Karen,Alabama,Slovakia (Slovak Republic),9,Standard,3700956,Debbie Chen,cynthiahill@example.com,2023-10-01
C00160,Jordan LLC,Education,small,99,3492765,Toddborough,Florida,Monaco,35,Basic,3420113,Christopher Alvarado,emelton@example.org,2020-03-25
C00161,"Miller, Adams and Romero",Manufacturing,medium,401,36459784,East Michael,Alaska,Mozambique,21,Premium,2012110,Daniel Johnson,rthompson@example.org,2023-05-18
C00162,"Nicholson, Lara and Stewart",Government,medium,292,8105947,West Sara,Arkansas,Malaysia,46,Basic,2287606,Cassandra Griffin,pmartin@example.net,2021-09-09
C00163,Crosby Group,Retail,medium,957,42154137,Greenport,Nevada,Eritrea,33,Standard,1170888,Edward Bridges,jamessalazar@example.org,2023-08-27
C00164,"Stevens, Brown and Harris",Manufacturing,small,82,4096173,East Jacqueline,Oklahoma,Tonga,44,Standard,295907,Todd Howell,proctortheresa@example.org,2024-05-12
C00165,Mcgee Group,Transportation,medium,256,10962437,Levyfort,Montana,Dominica,1,Standard,3042498,Pamela Cummings,davidflores@example.net,2021-03-25
C00166,Cunningham-Durham,Government,small,67,4526252,East Paulburgh,Florida,Canada,44,Basic,900731,Denise Armstrong,ginadiaz@example.org,2022-09-10
C00167,Miller-Ortega,Media,small,98,3396210,Michaelfurt,Wisconsin,India,43,Premium,2611184,Mr. Jason Clarke,brettdavis@example.com,2022-07-25
C00168,Palmer Inc,Manufacturing,medium,991,34272851,Juliechester,Virginia,Czech Republic,23,Premium,1632730,Tammy Hanson,shawbrianna@example.net,2024-04-07
C00169,Griffin-Gutierrez,Finance,medium,145,7964289,Cassandrahaven,Rhode Island,Nauru,40,Basic,1288088,Ricardo Hunter,brian72@example.net,2022-07-23
C00170,Jones-Lopez,Healthcare,large,2150,452115769,West Rebeccaburgh,Pennsylvania,United Kingdom,28,Standard,1306728,Michael Mooney,joywarren@example.org,2024-09-20
C00171,"Espinoza, Levy and Mills",Government,medium,658,44940530,New Kenneth,West Virginia,Vanuatu,25,Premium,1530192,Shawn Jacobs,raymondzhang@example.com,2023-03-21
C00172,"Steele, Flynn and Aguilar",Technology,medium,606,40149334,Tracymouth,Maine,Isle of Man,13,Standard,161893,Matthew Norris,ihall@example.com,2020-03-11
C00173,"Kramer, Mcdowell and Gilbert",Finance,small,13,1499289,Jonesshire,Wisconsin,Congo,41,Basic,386856,Bruce Gonzales,kelly66@example.com,2021-01-28
C00174,Osborne and Sons,Energy,small,71,4956097,Port Robertmouth,Arizona,Nicaragua,1,Basic,2384929,Lisa Atkins,tracy64@example.org,2023-07-03
C00175,Larsen-Dean,Healthcare,small,30,2433875,Natashashire,Oklahoma,Indonesia,6,Standard,1755481,Daniel Peters,iroberts@example.net,2021-02-11
C00176,Coleman-Oneal,Government,small,15,2668711,South Brentfurt,Oregon,Canada,41,Basic,333927,Kim Perez,vfrey@example.net,2021-12-08
C00177,Roy and Sons,Government,large,4166,312868950,North Jamesfort,Delaware,Azerbaijan,30,Premium,2579700,Justin Martinez,johnwheeler@example.org,2022-06-19
C00178,"Miles, Murphy and Mcdowell",Education,small,37,3930537,Rayland,Kentucky,Greece,20,Basic,150366,Patrick Gates,carlamoore@example.com,2021-03-01
C00179,Rodriguez Inc,Media,large,2637,110748662,Port James,Alabama,Zambia,45,Basic,2929962,Linda Bishop,danielrebecca@example.net,2024-10-09
C00180,Flores LLC,Government,medium,970,20892594,Port Phillipfurt,Kansas,Cape Verde,33,Basic,1839404,Brian Cameron,floresterri@example.org,2023-12-26
C00181,Brennan-Rodriguez,Finance,medium,453,11456266,West Robertborough,Wyoming,France,40,Basic,4066263,Denise Robbins PhD,christine71@example.net,2022-07-18
C00182,"Jones, Baker and Jensen",Technology,medium,966,22557291,West Christopherside,Alabama,Liberia,50,Standard,3417049,Jack Johnson,kingmegan@example.com,2024-07-21
C00183,Hernandez Group,Finance,medium,917,15756553,Lake Lisaton,Alaska,Congo,27,Basic,911421,Karen Sanders,bankslisa@example.net,2022-09-17
C00184,"Barker, Bennett and Dickerson",Government,small,55,2647206,Port Brooke,Washington,Mongolia,25,Premium,4565571,Brian Hess,ginaburton@example.org,2024-04-26
C00185,Brewer PLC,Transportation,small,21,2214705,Millerbury,Rhode Island,Korea,15,Basic,3627367,Gwendolyn Johnston,vanessa55@example.com,2023-03-22
C00186,"Johnston, Baldwin and Yates",Education,medium,810,18706855,Lake Allenfort,Maine,Portugal,44,Standard,533576,Gabriel Everett,tammy28@example.net,2020-01-01
C00187,Lewis LLC,Finance,small,71,1761673,Meganport,Michigan,Greece,44,Basic,102657,Benjamin Moreno,rodriguezjames@example.net,2021-03-20
C00188,"Adams, Cochran and Griffin",Healthcare,small,76,2866742,North Susan,Mississippi,Russian Federation,45,Standard,4042053,Alexandra Green,christensenryan@example.net,2024-05-07
C00189,Raymond Ltd,Finance,medium,839,20487802,Christinamouth,Alaska,South Africa,13,Premium,1311838,Douglas Jarvis,iramos@example.org,2023-03-20
C00190,"Moore, Aguirre and Williams",Healthcare,small,25,3140197,Adamshire,Wyoming,New Caledonia,44,Basic,2624668,Zachary Lee,washingtoneric@example.com,2020-01-19
C00191,Acevedo-Mueller,Retail,large,7053,414602674,Jennifershire,California,American Samoa,15,Premium,4989390,Rebecca Jensen,amandajensen@example.com,2022-01-25
C00192,Carney-Neal,Media,large,3936,279674245,Martinezmouth,South Carolina,Timor-Leste,27,Standard,1844234,Kristin Duke,william83@example.net,2023-04-05
C00193,Jackson Ltd,Technology,large,8759,475137218,Cabrerafurt,Utah,Nauru,1,Basic,1103608,Adrian Johnson,timothyryan@example.net,2021-03-12
C00194,"Horton, Waller and Matthews",Media,small,63,3071485,Brownburgh,Hawaii,Malawi,37,Premium,838683,Michael Williams,corey92@example.net,2023-11-24
C00195,King-Long,Technology,small,71,4142134,East Brian,Tennessee,Mali,49,Premium,1517150,Brittany Patton,deleonjoseph@example.net,2021-06-17
C00196,"Reid, Walker and Roberts",Healthcare,large,8713,491200048,South Brittany,Nevada,Jamaica,39,Standard,3111388,Ryan Simmons,wkelly@example.org,2022-08-18
C00197,Anderson LLC,Retail,small,81,3876083,Dannyborough,Alaska,Central African Republic,4,Standard,652623,Whitney Greene,brandi99@example.org,2020-05-10
C00198,"Graham, Johnson and Greene",Energy,large,1154,236127326,Raymondville,Nebraska,Samoa,36,Premium,4375889,Caitlin Ortiz,obrienmadison@example.com,2021-07-31
C00199,"Lewis, Watson and Freeman",Energy,large,8925,263662615,Lake Robert,South Dakota,Bosnia and Herzegovina,1,Basic,1940505,Annette Williams,wwilliams@example.org,2020-10-11
C00200,Blackwell Inc,Education,large,3792,159954218,Charlesmouth,Maine,Andorra,32,Basic,4404616,Vanessa Clayton,daniel29@example.org,2023-10-18
C00201,Romero-Reyes,Technology,small,15,4792512,South Andreamouth,Montana,Suriname,4,Premium,433285,Marcus Barr,krystalrivera@example.org,2023-03-25
C00202,Olson-George,Technology,small,75,1851550,North Davidtown,North Dakota,Sudan,42,Basic,408796,Keith Smith,cmaxwell@example.net,2023-02-15
C00203,"Owens, Blackburn and Hendricks",Retail,large,1193,335488899,New Carly,Texas,Slovakia (Slovak Republic),1,Premium,489644,Chad Aguilar,donald09@example.net,2022-12-23
C00204,Williams-Curry,Manufacturing,small,79,569485,Singhshire,Utah,Falkland Islands (Malvinas),31,Premium,4466640,Gregory Torres,joshuabray@example.org,2023-11-07
C00205,"Norris, Morales and Huff",Transportation,small,44,2714771,Port Kristiville,Montana,Vietnam,11,Basic,4406212,Jorge Gonzales,cartermaureen@example.org,2023-02-02
C00206,Hawkins-Flynn,Education,medium,210,28663745,Nicholeside,Georgia,Slovenia,13,Premium,3281079,Ricky Mitchell,garymiller@example.com,2024-06-17
C00207,Simon LLC,Energy,large,9919,350419843,Darleneburgh,Connecticut,Denmark,12,Premium,4415201,Christopher Rogers,ybowman@example.com,2024-12-22
C00208,"Garcia, Walker and Myers",Education,medium,163,23091920,West Gail,Massachusetts,Falkland Islands (Malvinas),23,Standard,1356260,Amber Walker DDS,freylaura@example.net,2023-09-11
C00209,Davis and Sons,Education,medium,283,33634855,Beanfort,Georgia,Afghanistan,27,Standard,2945314,Ricardo Reese,karen67@example.net,2023-11-10
C00210,"Miller, Turner and Thomas",Healthcare,small,63,1402048,Port Josephside,Virginia,Equatorial Guinea,34,Basic,484435,Rhonda Gross,nathanbailey@example.net,2023-02-23
C00211,"Russo, Mann and Hampton",Retail,medium,529,39366804,Meadowshaven,Alaska,Haiti,35,Basic,2074139,Rachel Bruce,joshuaevans@example.org,2024-03-01
C00212,"Liu, Copeland and Bell",Transportation,large,6865,185979195,Kennedyshire,Alaska,Bahrain,37,Standard,3908528,Heather Richardson,laurieevans@example.com,2023-12-30
C00213,"Lawrence, Hart and Wright",Energy,small,53,3901262,North Susanhaven,New York,Wallis and Futuna,15,Standard,333455,Kristen White,wrightjill@example.com,2020-05-20
C00214,"Maldonado, Marsh and Martinez",Media,medium,429,46169361,Ricardoberg,Michigan,Switzerland,10,Premium,3472037,Christopher Wood,wilsonstephanie@example.net,2022-12-04
C00215,Rogers Ltd,Retail,large,5298,220850454,Port Angela,Georgia,Guadeloupe,18,Basic,974513,Christopher Holder,qlarson@example.org,2021-03-11
C00216,Avery PLC,Finance,medium,572,13260986,Lake Miranda,North Dakota,Mali,24,Premium,4122547,Loretta Smith,taratrujillo@example.net,2024-09-17
C00217,Bowers PLC,Retail,medium,168,44328223,East Angela,Alabama,Algeria,31,Premium,3037561,Douglas Lopez,janice38@example.org,2021-10-09
C00218,"Williams, Campbell and Moon",Technology,medium,925,22891405,Wellsborough,Arizona,Ireland,7,Standard,4836067,Joshua Wilcox,johnny80@example.com,2023-01-18
C00219,"Salazar, Hunter and Conner",Technology,small,11,1205458,Nunezside,Connecticut,Algeria,39,Basic,4117147,Keith Matthews,mcclainnancy@example.org,2023-04-19
C00220,Smith-Guerrero,Energy,small,28,2306835,Laurenton,West Virginia,Lesotho,38,Standard,4151003,Jason Wright,singletonjennifer@example.org,2024-08-14
C00221,"Morris, Flores and Mathis",Energy,large,6200,423352338,Lake Angela,Kentucky,Guernsey,31,Premium,3644948,Donald Jones,philiphess@example.org,2022-05-21
C00222,"Walters, Lopez and Hobbs",Manufacturing,large,5417,382140156,Christinemouth,Iowa,Cuba,10,Premium,3850898,Patrick Santana,staceygreene@example.org,2021-10-17
C00223,Parker-Diaz,Manufacturing,large,8166,473307750,Priceberg,New Hampshire,Myanmar,31,Premium,826049,Craig Gonzalez,mmoore@example.net,2022-03-12
C00224,Young-Sanchez,Technology,large,1328,401941096,Dunlapland,Vermont,Zimbabwe,43,Premium,1035665,Kevin Lawson,abrady@example.org,2021-01-02
C00225,Blankenship Group,Energy,medium,948,35026359,West Ryanberg,Mississippi,Cocos (Keeling) Islands,8,Standard,666650,Shelby Harris,jose90@example.org,2021-04-10
C00226,Mcdonald-Owen,Manufacturing,medium,510,15481367,Lake Maryview,California,Saint Vincent and the Grenadines,5,Premium,1883296,Christopher Cain,qreynolds@example.net,2023-01-15
C00227,Jordan Inc,Media,medium,200,7865316,Floresbury,Iowa,Denmark,47,Premium,2881154,Aaron Mcguire,sarah36@example.org,2024-05-17
C00228,"Freeman, Barnes and Hill",Technology,medium,145,14113001,Laurachester,New Hampshire,Ecuador,18,Basic,1028012,Kristen Anderson,maldonadocarla@example.org,2020-01-18
C00229,Rosales-Wong,Government,medium,452,35132483,Port Sheila,New Jersey,United States of America,40,Basic,2699320,Mark White,chasemichelle@example.net,2022-06-22
C00230,"Zhang, Marshall and Douglas",Manufacturing,medium,917,31687925,Lake Robert,Nebraska,United States Virgin Islands,12,Basic,4316988,John Williamson,nsmith@example.org,2023-03-28
C00231,"Ellis, Olson and Crawford",Government,large,1896,466239465,South Jonathanton,Hawaii,Norway,1,Basic,523407,Brittany Hendricks,edwardevans@example.com,2020-08-03
C00232,Castillo-Richmond,Finance,small,86,1587607,New Davidborough,South Carolina,Papua New Guinea,29,Basic,3424627,Joseph Vaughan,hughesdawn@example.net,2024-10-23
C00233,Church-Blanchard,Healthcare,small,79,1348091,Fordside,South Dakota,Sao Tome and Principe,21,Basic,1800510,Scott Shaw,austin32@example.net,2020-01-14
C00234,"Thompson, Wade and Whitehead",Retail,small,91,3315536,West William,Tennessee,Liberia,2,Basic,1120308,Vincent Barajas,zcox@example.org,2021-03-27
C00235,Gonzales-Hinton,Transportation,medium,837,41606712,Clayberg,Illinois,Guinea-Bissau,4,Standard,442738,Mr. Martin Williams,thomas25@example.net,2023-12-03
C00236,"Hunt, Reyes and Ramsey",Technology,small,34,1084302,Port Jordan,North Carolina,El Salvador,21,Standard,3716556,Jill Johnson,christopher99@example.org,2023-12-25
C00237,Osborn-Smith,Manufacturing,small,74,2984911,Tylerburgh,Nevada,Switzerland,16,Premium,64735,Megan Johnson,gregory45@example.net,2023-09-02
C00238,"Edwards, Mccoy and Rose",Retail,medium,956,38446205,East Lancebury,Alabama,Saint Helena,19,Premium,661849,Yolanda Roth,nperkins@example.org,2023-11-25
C00239,"Brown, Hunt and Carr",Education,small,28,686381,Douglasville,Colorado,Morocco,31,Premium,4076277,Catherine Chavez,pparks@example.org,2024-08-05
C00240,Hunter-Orozco,Technology,medium,460,17250910,West Felicia,Louisiana,Lao People's Democratic Republic,8,Standard,1423130,Donald Williamson,staceywalker@example.com,2020-05-02
C00241,"Johnson, Morgan and Moran",Energy,small,44,2357475,Turnerton,Kansas,Slovenia,8,Basic,3608456,Bryce Miller,eedwards@example.org,2022-01-01
C00242,"Davis, Benson and Ayala",Manufacturing,small,66,1242383,North Daniel,Pennsylvania,Kenya,36,Premium,4055008,Tammy Reynolds,stevengood@example.net,2024-10-25
C00243,"Weeks, Freeman and Haas",Technology,large,7061,499158190,Huffmanburgh,New Hampshire,Poland,38,Standard,2111200,Mr. Christopher Sanders,kbooker@example.net,2024-08-27
C00244,"Parker, Williams and Hall",Transportation,small,30,3269596,Harrellland,Wyoming,Botswana,2,Premium,4046213,Brian Allen,ewoods@example.net,2022-01-18
C00245,"Reed, Thomas and Rivera",Retail,small,92,2510949,Lynnburgh,Utah,Dominican Republic,12,Standard,3138866,Patricia Rivera,thughes@example.org,2022-01-07
C00246,Caldwell-Caldwell,Energy,medium,584,17500703,Garciabury,South Carolina,Kiribati,4,Standard,1287944,Heidi Smith,kathryn22@example.net,2020-01-31
C00247,Lopez-Carlson,Energy,medium,453,32372624,Andersonborough,Iowa,South Georgia and the South Sandwich Islands,21,Basic,377540,Kristy Anderson,allenjennifer@example.org,2024-10-02
C00248,Baker-Zavala,Government,small,22,3882807,Jasonport,Georgia,Northern Mariana Islands,47,Standard,4676186,Tyler Jackson,andrewsimpson@example.org,2021-04-29
C00249,"Oneal, Sullivan and Haynes",Finance,medium,198,31326809,North Matthew,Nevada,British Indian Ocean Territory (Chagos Archipelago),50,Premium,3362502,Andrew Harper,mneal@example.net,2021-08-15
C00250,"Thomas, Jones and Johnson",Government,small,87,2669045,West Rachelfort,North Dakota,Tokelau,27,Standard,1115231,Thomas Garcia,frobertson@example.com,2024-08-22
C00251,Lee Ltd,Education,small,81,1402732,East Sherry,Kentucky,Albania,4,Basic,3767806,Gregory Edwards,donna32@example.org,2023-02-14
C00252,"Powell, Flynn and Cooper",Retail,medium,605,32930175,Douglastown,Vermont,Tuvalu,2,Basic,2931239,Michelle Hays,ashaw@example.net,2023-04-14
C00253,"Mcgrath, Houston and Marshall",Energy,medium,666,15812603,East Timothymouth,Oklahoma,Croatia,31,Premium,1713058,Dillon Hayes,watkinsmatthew@example.com,2020-09-08
C00254,Caldwell-Wyatt,Manufacturing,medium,711,46401316,Hendersonland,Alabama,Taiwan,48,Basic,4500729,Timothy Cole,mlove@example.org,2022-11-02
C00255,Rogers-Olson,Retail,medium,292,30572208,Jaclynland,Minnesota,Bolivia,21,Premium,4527057,Jim Larson,philip67@example.org,2024-03-12
C00256,"Malone, Lewis and Davis",Healthcare,large,2225,326460131,North Donna,Massachusetts,Malawi,18,Basic,3102324,Thomas Wells,jimmy17@example.org,2023-07-01
C00257,Burch and Sons,Energy,medium,351,23769729,South Marie,Maryland,Switzerland,5,Basic,464143,Bryan Blake,anarios@example.org,2022-03-06
C00258,Snyder-Jones,Technology,small,41,1999255,Codychester,Tennessee,Tuvalu,10,Premium,2604917,Sarah Bryant,ustone@example.net,2022-08-08
C00259,Harrington-Kaiser,Retail,medium,996,48606988,West James,Kansas,Georgia,23,Basic,124709,Juan Williams,glennsteven@example.net,2021-01-13
C00260,Rodriguez LLC,Government,small,41,4917011,North Elizabeth,Idaho,Iran,17,Premium,1638289,Hunter Parker,elizabeth47@example.net,2021-08-25
C00261,Dixon-Berry,Retail,small,30,2796724,Karenhaven,Michigan,Peru,38,Basic,4018602,Brittney Herman MD,sking@example.com,2020-12-19
C00262,"Spencer, Heath and Fleming",Retail,small,64,1924532,Port Alejandromouth,Maine,United States of America,7,Premium,4958525,Brandon Scott,victoria00@example.com,2020-10-31
C00263,Crawford-Shelton,Media,small,89,3426275,West Jennifer,West Virginia,Colombia,21,Basic,3875317,Jill Ford,jmartin@example.net,2020-09-30
C00264,Wilson-Spencer,Manufacturing,large,7481,213448633,West Kylehaven,Alaska,Finland,26,Standard,2454249,Brian Hamilton,david99@example.com,2022-03-30
C00265,Hudson-Garcia,Retail,large,3977,326219735,East Steven,Ohio,Barbados,14,Premium,4604981,Marcus Woodard,curtisjohnson@example.net,2024-12-29
C00266,Lawson PLC,Finance,medium,860,44826512,Annaside,Utah,Netherlands,44,Standard,4636618,Kristy Clark,danielmoore@example.com,2022-12-31
C00267,"Bean, Reyes and Walker",Education,small,97,2220839,South Rachelfurt,West Virginia,Botswana,12,Standard,946966,Robert Bridges,ijones@example.org,2021-07-18
C00268,Harrington LLC,Healthcare,small,33,4394416,Joshuatown,Wisconsin,Finland,46,Premium,1946088,Jonathan Snyder,william96@example.org,2021-11-02
C00269,Bishop and Sons,Healthcare,small,78,783025,Pagestad,South Dakota,Mauritius,50,Premium,3582029,Angelica Odom,jbaldwin@example.com,2021-12-31
C00270,White-Hampton,Manufacturing,small,13,4501004,North Danielside,Hawaii,Timor-Leste,20,Basic,4935384,Joseph Reid,stephanie98@example.com,2020-07-12
C00271,Flowers-Ortiz,Finance,medium,282,18812024,Taramouth,Delaware,Croatia,19,Premium,3771571,Crystal Browning,ewood@example.org,2022-12-31
C00272,Hogan-Macias,Energy,medium,293,19331689,Mooremouth,Idaho,Kyrgyz Republic,16,Standard,2347403,Misty Miller,danielrebecca@example.net,2021-05-17
C00273,Murphy PLC,Energy,medium,829,18084599,North Caitlinfurt,South Dakota,Saint Helena,5,Premium,4136219,Peter Mcclure,theresa18@example.net,2020-04-29
C00274,Banks-Kennedy,Government,small,76,2939043,Port Luisland,Arizona,Bouvet Island (Bouvetoya),50,Basic,1026327,Kyle Moore,reedscott@example.net,2024-08-20
C00275,Taylor PLC,Technology,large,5126,481255952,Moniqueshire,Iowa,Ecuador,30,Premium,143061,Karen Welch,edgar20@example.net,2020-09-15
C00276,Lee-Harrell,Healthcare,medium,327,9780007,Smithland,Tennessee,Swaziland,40,Premium,3631507,Jessica Fields,kyle38@example.org,2024-11-05
C00277,Dean-Gonzalez,Healthcare,medium,686,30192771,Lake James,Vermont,Uruguay,27,Premium,3283304,Angelica Santiago,jacobrodriguez@example.com,2022-11-15
C00278,Jones PLC,Transportation,medium,476,6585906,Port Shawnfurt,Nebraska,Guinea-Bissau,21,Standard,1051849,Stephen Trujillo,kari00@example.org,2023-03-09
C00279,Wells and Sons,Government,small,80,1891683,Kimberlyland,Minnesota,Bangladesh,33,Basic,2587853,Amy Richardson,smithdebra@example.com,2020-08-01
C00280,Stark-Gonzalez,Retail,small,12,4401797,Spencerchester,Nevada,Martinique,26,Basic,2922072,Tiffany Smith,brownmichelle@example.net,2023-10-25
C00281,Sharp and Sons,Healthcare,small,34,4178203,North Bryanbury,North Carolina,Falkland Islands (Malvinas),24,Standard,3989015,Renee Allen,parsonsdaniel@example.com,2022-08-27
C00282,"Cooper, Romero and Austin",Technology,medium,338,9155398,West Natalie,Idaho,Mali,49,Standard,1945239,Janice Peterson,alecbutler@example.net,2024-10-25
C00283,Smith-Miller,Energy,small,53,4368070,Port Gregoryview,New Jersey,Belarus,35,Standard,974272,Dustin Moreno,erin15@example.net,2020-09-28
C00284,Phillips-Jacobs,Education,small,87,1955180,Jeffreyhaven,Ohio,Ethiopia,20,Premium,623271,Kiara Miller,asimmons@example.net,2021-12-24
C00285,"Gonzalez, Roberson and Rhodes",Energy,small,92,4257326,South Lisaville,Massachusetts,Saint Barthelemy,21,Basic,3361377,Joseph Shaw,amymiller@example.net,2021-05-07
C00286,"Carey, Barnett and Carr",Government,small,31,1501376,Martinberg,North Dakota,French Polynesia,23,Standard,3226399,Robert Paul,rodney63@example.com,2023-02-20
C00287,Goodman Inc,Healthcare,large,1576,311704215,New Rachelville,Louisiana,Cayman Islands,19,Basic,1540016,Brenda Michael,jane46@example.net,2021-09-17
C00288,Morales Inc,Retail,medium,509,46541595,Lowebury,Michigan,New Caledonia,40,Standard,1423849,Amber Fuller,carl47@example.org,2021-12-02
C00289,Flynn and Sons,Government,small,33,3285880,New Savannahshire,Georgia,Canada,4,Premium,3519876,Christie Young,bryan90@example.org,2022-06-27
C00290,Porter-Carroll,Transportation,small,47,4787930,North Sarah,Wyoming,Guinea,22,Standard,1883266,Lindsay Murphy,nrosales@example.org,2024-06-30
C00291,Palmer-Parks,Retail,small,86,1855450,Mitchellville,Maryland,Vietnam,44,Standard,993364,April Thompson,tmendoza@example.com,2022-12-08
C00292,Reynolds-Cooper,Media,small,41,1806896,West Tiffanyfort,New Hampshire,Botswana,3,Standard,2687512,Elizabeth Doyle,qowens@example.com,2020-12-17
C00293,Parsons Ltd,Education,small,17,3556211,Lake Andrew,Kansas,Yemen,22,Standard,315142,Jared Dominguez,rollinspeter@example.net,2022-10-28
C00294,Richardson-Prince,Retail,small,66,3163652,New Loganchester,Massachusetts,Mayotte,22,Basic,2362158,Margaret Chavez,ballardjeffrey@example.net,2024-09-13
C00295,Johnson-Morgan,Retail,small,57,3633278,East Richardview,Delaware,Dominica,38,Premium,3832665,Thomas Jones,wmiller@example.org,2021-09-26
C00296,Wilson and Sons,Technology,medium,993,37272655,Heatherton,Missouri,Anguilla,50,Standard,3980421,Eric Willis,christine05@example.net,2022-03-09
C00297,"Taylor, Garcia and Ford",Transportation,medium,504,13518960,Bakerburgh,Kentucky,Congo,18,Basic,666421,Beth Lewis,martinjaime@example.com,2024-12-17
C00298,"Griffin, Edwards and Smith",Energy,small,15,1496334,Autumnborough,Missouri,Bulgaria,33,Basic,3517718,Dr. Veronica Stewart MD,stephanieallen@example.org,2021-05-19
C00299,"Lopez, Wright and Moreno",Government,small,13,3136882,Charlesborough,Nevada,Zambia,34,Standard,2506179,Dr. Thomas Morton,vklein@example.org,2021-03-14
C00300,Peters-Murphy,Energy,medium,280,30336634,South Julia,West Virginia,Korea,41,Basic,854121,Dale Spencer,carljones@example.net,2024-04-16
C00301,"Richards, Porter and Atkins",Government,medium,371,34952058,Stevenland,Mississippi,Anguilla,48,Basic,4099401,Alyssa Lewis,ashley39@example.com,2023-04-09
C00302,"Trujillo, Diaz and Campbell",Education,large,8192,186300988,Port Holly,Minnesota,India,16,Standard,4854268,Katherine Parker,marthaliu@example.com,2021-02-19
C00303,"Ford, Evans and Dunlap",Technology,medium,348,8540811,North Christopher,Mississippi,Malta,11,Basic,1531873,Tina Garza,ashleelynch@example.com,2021-04-10
C00304,Boyd Ltd,Media,small,28,4157743,New Rachel,Wisconsin,South Georgia and the South Sandwich Islands,21,Premium,3717598,Jake Andrews,denise37@example.org,2022-11-29
C00305,"Pena, Sanchez and Rodriguez",Transportation,small,11,3387028,Lake Leah,Kentucky,Burundi,20,Basic,907342,Cassandra Acosta MD,wbailey@example.com,2022-04-28
C00306,Williams-Phillips,Manufacturing,medium,636,19632068,Jacksonburgh,South Dakota,Saudi Arabia,15,Basic,4909229,Nicole Le,aaustin@example.net,2020-07-18
C00307,Wolfe and Sons,Manufacturing,small,38,3244038,New Candice,Washington,Bosnia and Herzegovina,22,Standard,4144225,Derrick Carpenter,youngmark@example.net,2021-06-09
C00308,Sullivan PLC,Education,medium,959,32059153,Terranceville,Alaska,Fiji,50,Premium,761936,Deborah Kelley,lbarron@example.org,2023-12-06
C00309,Jacobs Ltd,Finance,large,6358,85138751,Torresshire,New York,Romania,26,Standard,2485153,Sophia Campbell,charleswilliams@example.org,2022-10-30
C00310,"Adams, Clay and Browning",Retail,medium,139,29158722,Christopherberg,Arizona,Denmark,32,Basic,4421006,Carol Harper MD,tasha53@example.com,2020-05-21
C00311,"Miller, Mendez and Ferguson",Education,small,11,1768722,West Jamesfort,Wyoming,Reunion,27,Premium,1682585,Kimberly Duran,canderson@example.net,2023-01-19
C00312,Mcmahon Group,Manufacturing,medium,530,16025176,South Paul,Illinois,Taiwan,2,Basic,3766654,Amanda Kaufman,jordangates@example.org,2024-04-23
C00313,Matthews Group,Retail,small,52,3991540,South Matthew,Oregon,Macao,27,Standard,2326611,Antonio Contreras,luis58@example.com,2023-11-02
C00314,"Fischer, Moore and Nguyen",Manufacturing,medium,606,16624882,Elizabethstad,Tennessee,Nepal,15,Basic,1469197,Anthony Morales,crice@example.net,2020-02-21
C00315,"Wang, Jones and Grant",Retail,large,8390,292164897,Cantrellhaven,Texas,Slovakia (Slovak Republic),23,Basic,620119,Cathy Chambers,elizabethle@example.com,2024-01-02
C00316,Warren-Newman,Transportation,small,63,1237891,Daniellefort,Illinois,Palestinian Territory,5,Premium,4716019,Leslie Robinson,snydermary@example.com,2024-09-05
C00317,"Perez, Harrington and Hughes",Technology,large,7458,462191962,East Kevin,Oklahoma,Northern Mariana Islands,2,Basic,1286134,Noah Raymond,erikharmon@example.net,2021-01-27
C00318,"Sanchez, Gallegos and Holden",Technology,large,6725,468609849,Danaland,Arkansas,Turkmenistan,11,Standard,3326583,Richard Beck,taylormichelle@example.net,2020-05-05
C00319,Burns LLC,Government,small,15,2538495,North Antoniomouth,Mississippi,Northern Mariana Islands,34,Standard,3948905,Charles Walker,isaiah08@example.com,2020-02-11
C00320,"Callahan, Burch and Salazar",Education,small,34,2702661,West Jamie,New York,Trinidad and Tobago,25,Basic,1083793,Debra King,charles49@example.org,2022-10-31
C00321,Lewis-Bradford,Education,small,44,3828211,Rasmussenborough,Nevada,Kenya,35,Premium,771815,Stephen Carter,rkim@example.net,2021-04-27
C00322,"Norton, Levine and Hart",Technology,small,42,3545305,Port Kimbury,Wisconsin,Sri Lanka,33,Basic,1007594,Joshua Henderson,snyderdean@example.com,2022-01-26
C00323,"Smith, Thomas and Garza",Education,small,34,2447846,East John,Maine,Palau,12,Premium,2966071,Ann Fox,tinagutierrez@example.org,2022-07-09
C00324,Riley-Simpson,Manufacturing,medium,553,22143986,Kimberlyborough,Vermont,Portugal,11,Premium,4067940,Melissa Bullock,frankdavis@example.com,2020-05-17
C00325,Weber LLC,Energy,small,55,1399767,Katrinachester,Nevada,Antarctica (the territory South of 60 deg S),9,Standard,234538,Steven Bailey,susan91@example.org,2021-08-12
C00326,Vasquez Ltd,Healthcare,small,48,1764441,Traceymouth,Oklahoma,Ethiopia,10,Premium,1695767,Mary Howard,johnsonjulia@example.org,2021-04-16
C00327,"Gill, Ellis and Pope",Government,large,9426,250870660,Amberport,Mississippi,Cote d'Ivoire,33,Premium,1660983,Thomas Bryan,michael71@example.net,2020-12-30
C00328,Blevins-Rodriguez,Retail,small,60,706224,Port Matthewland,Oregon,Faroe Islands,7,Basic,1362172,Kathy Bennett,christina06@example.com,2023-11-03
C00329,Cain-Brown,Retail,large,8320,97615997,Amandaberg,Iowa,Spain,50,Basic,3582800,Crystal Frey,destinycollins@example.com,2021-08-03
C00330,Moody Group,Technology,small,90,1389905,North Aaron,New Mexico,Palestinian Territory,37,Premium,3245816,Lisa Lawson,idoyle@example.com,2024-01-08
C00331,Li Ltd,Education,small,85,4963349,Michaelton,Maryland,New Zealand,25,Premium,3513746,Dr. Robin Burke MD,jennifer82@example.net,2024-09-22
C00332,"Lee, Anderson and Gutierrez",Manufacturing,medium,527,47249717,North Arianamouth,Vermont,Cayman Islands,31,Premium,1773213,Kim Morgan,arnoldashley@example.net,2020-05-31
C00333,Jackson Group,Manufacturing,medium,666,35588047,South Mariehaven,North Carolina,Botswana,44,Premium,3648804,Lawrence Mitchell,ethanthompson@example.org,2024-02-29
C00334,Paul-Perry,Energy,large,8838,74935798,East Jonathon,Massachusetts,Korea,40,Basic,3981693,Tyrone Cohen,lisajohnson@example.org,2020-09-17
C00335,Miller LLC,Finance,medium,876,46465415,Wallerside,Connecticut,Heard Island and McDonald Islands,31,Standard,621654,Kelly Collins,bholmes@example.org,2024-11-17
C00336,Thomas Group,Media,large,4147,198022646,Johnsonside,Massachusetts,Armenia,37,Premium,3930233,Jonathan Porter,imercer@example.org,2020-08-02
C00337,Thomas Group,Retail,small,63,3779952,Port Penny,Louisiana,Guadeloupe,19,Premium,4060902,Jason Molina,mdudley@example.net,2021-04-28
C00338,Barry-Young,Government,small,92,3102778,Wilsonland,Kansas,Mozambique,24,Standard,3772910,John Taylor,jonesdavid@example.org,2021-04-21
C00339,Wall Ltd,Finance,medium,623,13194005,Everetttown,South Carolina,Ireland,26,Standard,4952383,Jessica Meadows,jessicawhite@example.org,2022-09-30
C00340,Keller-Sexton,Media,large,4803,496665899,South Joshuashire,Oregon,Martinique,21,Premium,2614184,Mrs. Amanda Rodriguez,raymond77@example.org,2020-01-05
C00341,Martinez-Brown,Transportation,large,3098,269344748,Martinezchester,Oregon,Bolivia,9,Basic,3754237,Bruce Lin,kayleejones@example.org,2024-12-14
C00342,"Jenkins, Wells and Williams",Finance,small,26,4172855,West Jeremyfurt,New Mexico,Micronesia,36,Premium,3822046,Haley Williams,nicholas03@example.com,2024-12-14
C00343,Marshall-Bennett,Energy,small,49,1383194,Escobarmouth,North Dakota,Poland,2,Premium,3621009,Jonathan Coleman,jwright@example.org,2022-11-10
C00344,Montgomery-Dennis,Technology,medium,159,31053274,North Oscartown,Oregon,British Virgin Islands,15,Basic,248826,Robert Lee,stephaniechavez@example.org,2024-05-05
C00345,Finley LLC,Education,small,57,883438,Bakerbury,Mississippi,Zambia,21,Standard,429062,Tracy Jackson,brian80@example.com,2021-01-03
C00346,"Johnson, Curry and Davis",Finance,large,8355,70518049,South Kelseyside,Wisconsin,Burundi,21,Basic,2535374,Kevin Wright,susan79@example.org,2021-03-06
C00347,"Espinoza, Thompson and Ramos",Transportation,large,1354,431077629,Burnsburgh,Mississippi,Spain,20,Premium,3878943,Nicole Brown,james90@example.net,2023-08-14
C00348,Bryant and Sons,Education,small,19,1093278,Lake Anna,Oregon,Greece,34,Basic,1979336,Kristi Cook DDS,lsmith@example.net,2021-02-17
C00349,Smith-Owens,Healthcare,medium,258,22537538,North Priscilla,Washington,Samoa,33,Premium,2371271,Lynn Foley,murrayalexander@example.com,2023-11-14
C00350,White and Sons,Government,medium,827,13812264,South Dawnmouth,Oklahoma,Guadeloupe,34,Premium,1550975,Dawn Johnson,sarah36@example.org,2023-07-21
C00351,Norton Ltd,Healthcare,small,20,2598489,Port Michealville,Minnesota,Saint Kitts and Nevis,21,Standard,2701729,Maria Barr,nblack@example.net,2023-10-16
C00352,"Lewis, Jones and Smith",Government,large,1039,236749229,Jessicachester,Maryland,Poland,48,Premium,3966500,Carrie Thompson,zhubbard@example.com,2024-05-05
C00353,Davidson and Sons,Media,medium,293,20123322,Patrickbury,North Carolina,Cocos (Keeling) Islands,19,Basic,3648303,David Jones,tlewis@example.com,2023-09-28
C00354,Hayes and Sons,Energy,large,4510,204265308,East Jacqueline,Rhode Island,Svalbard & Jan Mayen Islands,38,Premium,3906198,Jenny Nguyen,wrightdylan@example.com,2024-05-14
C00355,"Johnson, Ross and Tran",Manufacturing,small,42,4279823,Brianastad,Illinois,Iceland,34,Basic,958372,Shannon Fletcher,vhart@example.net,2021-10-31
C00356,"Gonzalez, Nelson and Rice",Media,large,1978,176436047,West Darin,Wisconsin,Netherlands Antilles,47,Standard,761013,Justin Shields,paul76@example.com,2023-12-02
C00357,Maxwell-Newman,Healthcare,small,57,3551822,West Russell,Massachusetts,Saint Vincent and the Grenadines,3,Basic,3762147,Kristin Rollins,tpatton@example.com,2020-06-19
C00358,"Williams, Douglas and Lewis",Technology,small,90,2685212,Lake Jefferychester,Ohio,Sweden,48,Standard,2532762,William Koch,kmartin@example.org,2024-04-12
C00359,Hester-Ramos,Government,large,3286,313415559,Thomasland,Missouri,Uganda,24,Premium,1402646,Corey Woods,maria55@example.org,2022-06-19
C00360,"Jones, Rice and Burns",Healthcare,small,73,777699,West James,New Mexico,Hungary,13,Basic,4926187,Robert Davis,kellyharris@example.net,2020-01-29
C00361,Patterson-Cisneros,Transportation,small,82,2110116,West Christopherhaven,Washington,Madagascar,20,Standard,1228560,Colleen Wilson,rasmussenrachel@example.net,2022-06-04
C00362,Curry PLC,Technology,large,9513,428329538,Alexandraburgh,Mississippi,Montenegro,16,Standard,4819679,Ana Robinson,dawn37@example.com,2022-03-13
C00363,Brown and Sons,Finance,large,1380,269176044,Maxton,Iowa,Ghana,35,Basic,3151738,Scott Anderson,nicholas50@example.net,2023-03-29
C00364,"Ingram, Webb and Reeves",Energy,medium,789,17253233,East Timothyberg,Minnesota,Zambia,46,Basic,4498748,Kenneth Wood,christine07@example.org,2020-06-29
C00365,Oliver-Jones,Energy,medium,671,47074557,West Sarahbury,Kansas,Reunion,39,Premium,295555,Michael Small,johnstonjohn@example.org,2023-03-27
C00366,Martinez-Smith,Government,small,79,2976982,North Ryantown,Connecticut,Antigua and Barbuda,30,Standard,4961726,Melissa Blanchard,davidgutierrez@example.net,2023-10-23
C00367,Roth-Hill,Energy,small,85,4075993,Danaport,Michigan,Mexico,37,Basic,661521,Whitney Barrett,mdavis@example.com,2022-06-12
C00368,Sutton-Barnes,Finance,small,55,3361962,Roberthaven,Maine,Jordan,1,Standard,1024284,Amanda Brown,michael67@example.org,2022-09-23
C00369,"Scott, Anthony and Haney",Energy,medium,625,6643211,Saraview,Pennsylvania,Angola,42,Standard,4051852,Paula Castillo,onorris@example.com,2021-08-27
C00370,Shepard-Schmidt,Finance,medium,144,20417431,South Nicole,Montana,Qatar,33,Premium,546039,Mark Gardner,walkerjulie@example.com,2021-08-08
C00371,Brown-Baird,Energy,medium,966,30278427,Meganberg,New Jersey,Sudan,39,Premium,2311495,Erin Mitchell,maddoxseth@example.net,2024-08-16
C00372,Wilson Group,Media,medium,567,39776515,Markland,South Carolina,Taiwan,15,Basic,2795651,Charles Anderson,thompsontyrone@example.com,2022-06-18
C00373,"Anderson, Knight and Williams",Technology,small,73,2289474,North Jameshaven,Connecticut,Dominica,32,Premium,2749489,David Cole,fitzgeraldmichael@example.net,2024-04-29
C00374,Fuller and Sons,Transportation,small,41,1814567,Port Melissastad,South Dakota,Montserrat,4,Basic,3036941,Randall Garcia,zwade@example.com,2022-12-17
C00375,Carroll-Chavez,Media,small,83,1978066,East Madison,Pennsylvania,Benin,1,Basic,2431233,Robert Jordan,elizabeth50@example.org,2024-08-02
C00376,Johnson-Baker,Government,medium,311,43290362,Robertside,South Dakota,Madagascar,44,Premium,1942567,Kevin Harrison,jessica98@example.com,2022-03-29
C00377,Ochoa-Young,Government,small,25,1747000,Morrisside,South Dakota,Uzbekistan,12,Basic,1846785,Frank Watson,larrystewart@example.net,2020-03-19
C00378,Golden-Swanson,Technology,large,8314,210870330,New Michael,Connecticut,Mozambique,35,Standard,4536847,Michael Brown,cookdavid@example.net,2024-05-27
C00379,"Roy, Martin and Kim",Education,small,72,788791,North Melissa,Alaska,Saint Martin,7,Premium,3709022,Bethany Blanchard,tjackson@example.com,2024-03-28
C00380,Hodge-Lamb,Transportation,small,43,2559809,East Josephstad,West Virginia,Kazakhstan,35,Premium,2407359,Pamela Johnson,james09@example.net,2022-02-21
C00381,"Miller, Lopez and Ware",Education,small,42,3393581,Port Amy,West Virginia,Lesotho,39,Basic,4797978,Raymond Villarreal,xnelson@example.com,2022-06-10
C00382,"Becker, Roth and Thomas",Media,medium,211,28470247,Blankenshipmouth,Colorado,Swaziland,44,Premium,865906,Susan Keith,mbrown@example.com,2024-08-28
C00383,Moore Group,Technology,medium,439,45410579,Williamsburgh,Kentucky,Sao Tome and Principe,27,Standard,4877477,Jerry Carroll,april39@example.org,2020-08-16
C00384,King-Ellis,Retail,small,53,2233887,Port Nancyhaven,Utah,Syrian Arab Republic,36,Basic,2442120,Julie Guzman,phillipsadrian@example.net,2020-04-29
C00385,Petty Ltd,Retail,small,32,4156742,Lake Emilyshire,Minnesota,Azerbaijan,27,Standard,1639126,Daniel Waller,alexandratorres@example.com,2021-08-16
C00386,"Shea, Cline and Edwards",Retail,medium,180,12492628,Gordonshire,Alabama,Bosnia and Herzegovina,20,Standard,2507471,Brittany Frost,john10@example.net,2023-11-19
C00387,Carlson-Morris,Manufacturing,small,75,4693390,East Arthur,Delaware,Kyrgyz Republic,27,Basic,4064604,Brianna Young,bbenton@example.org,2022-06-13
C00388,Barnes Group,Energy,large,3055,165889847,Coxtown,Connecticut,Sweden,48,Basic,3190855,Amanda Snyder,ashleymclean@example.net,2022-10-16
C00389,"Perry, Gray and Richard",Transportation,medium,177,27425765,Steeleburgh,Delaware,Armenia,13,Basic,4819608,Jennifer Patel,lsanchez@example.net,2021-12-18
C00390,Cherry-Smith,Education,small,67,3688026,Kristenbury,New Hampshire,South Georgia and the South Sandwich Islands,43,Basic,1191431,Randy Lopez,james03@example.com,2024-04-06
C00391,"Ford, Brown and Mccormick",Manufacturing,small,67,3220813,Chapmanshire,Washington,Cook Islands,47,Standard,3910757,Paula Garcia,katelyn35@example.com,2022-03-30
C00392,Phillips-Adams,Government,large,2805,204821310,South Joshuaburgh,New Hampshire,Italy,46,Premium,662200,Stephanie Caldwell,judy70@example.com,2022-11-14
C00393,Esparza and Sons,Media,small,34,1195761,North Ashleyside,Michigan,Philippines,13,Standard,3876581,Heather Thomas,bcase@example.com,2021-01-13
C00394,Brooks Inc,Manufacturing,small,90,1253967,Davidmouth,Utah,Korea,16,Basic,4459545,Thomas Herrera,mary55@example.org,2022-11-18
C00395,Wright LLC,Technology,large,9864,396974818,Markmouth,Vermont,Ecuador,47,Premium,934284,Kevin Brown,linda63@example.org,2020-12-09
C00396,"Harvey, Turner and Boone",Government,large,9003,370466509,Stevenberg,Maine,Central African Republic,34,Standard,1598993,Sandra Mullins,michaeldavis@example.org,2023-08-23
C00397,"Watson, Gonzalez and Kidd",Technology,large,8967,476475803,North Jeffreyside,Illinois,Norfolk Island,49,Basic,4644662,Teresa Johnson,okrause@example.org,2024-12-16
C00398,"Calhoun, Macias and Gallagher",Transportation,medium,893,35741148,East James,Arizona,Aruba,11,Standard,851207,Gregory Barnes,richardhampton@example.com,2020-05-28
C00399,"Bernard, King and Rush",Technology,small,56,3138779,Lake Emilyton,Idaho,Canada,48,Standard,2011377,Nathan Johnson,larnold@example.org,2023-10-06
C00400,"Hale, Kelly and Pratt",Finance,small,67,3211016,East Corey,Colorado,China,26,Standard,1403348,Patrick Medina,mclaughlindawn@example.com,2022-05-13
C00401,Meyer-Mathews,Technology,medium,760,7942617,Gallaghermouth,Minnesota,Christmas Island,29,Basic,4144544,Brian Marquez,robincooper@example.com,2022-07-30
C00402,"Hill, Martin and Williams",Media,medium,866,33623658,West Stacy,Wisconsin,Iran,7,Standard,3692530,Steven Green,zhangrobert@example.org,2023-02-01
C00403,Dixon Inc,Manufacturing,small,99,4533511,New Mercedes,West Virginia,Monaco,50,Premium,3382362,Gilbert Pena,edward05@example.net,2023-05-02
C00404,"Vance, Carrillo and Burns",Finance,large,2999,201514002,New Angela,Florida,Northern Mariana Islands,15,Premium,250221,Jessica Mccullough,sloandavid@example.net,2020-08-12
C00405,Robinson Group,Healthcare,small,83,4234902,Josemouth,Texas,Antarctica (the territory South of 60 deg S),38,Basic,2412082,Whitney Mason,haysjeffrey@example.net,2024-12-21
C00406,"Bell, Hebert and Barrera",Education,small,96,1437413,West Travis,Florida,Mayotte,3,Premium,2375384,Shane Lopez,martindan@example.net,2023-03-29
C00407,"Campos, Gates and Ross",Government,small,18,2371765,Edgarborough,North Carolina,Bahrain,47,Basic,779150,Laura Lowery,tcarson@example.com,2022-04-05
C00408,Hughes-Lewis,Media,small,12,2107398,North Christinemouth,Illinois,Uganda,16,Premium,1936096,Shane Roy,jmcgee@example.org,2023-05-30
C00409,Garrett PLC,Education,small,94,2706808,New Ryanmouth,Delaware,Cote d'Ivoire,46,Basic,4961586,Rachel Anderson,melissafrench@example.net,2023-05-19
C00410,Myers-White,Retail,small,35,3081001,Ayersfurt,Wisconsin,Germany,47,Premium,4166630,Michele Frank,okennedy@example.org,2021-04-27
C00411,Peterson LLC,Transportation,small,42,2137044,Herreraville,Pennsylvania,Sierra Leone,48,Premium,1762548,Deborah Williams,bhuber@example.net,2021-01-21
C00412,Macias-Frey,Healthcare,medium,934,25934344,New Williamberg,Kentucky,Japan,23,Standard,1104531,Judith Hardy,karendawson@example.org,2020-11-22
C00413,"Barr, Cruz and Gonzalez",Energy,medium,428,19538902,New Nathan,Arkansas,Maldives,6,Basic,4302245,Robert Crawford,tracywatkins@example.com,2024-06-13
C00414,"Mccormick, Alexander and Johnson",Government,medium,864,48996118,Thompsonbury,Connecticut,Andorra,45,Premium,893966,Marisa Chase,david73@example.org,2023-08-30
C00415,"Cook, Diaz and Carroll",Transportation,large,1707,492832359,North Veronica,Mississippi,Lebanon,18,Standard,1691889,Deanna Sanchez,qrivera@example.net,2022-10-04
C00416,Watson-Morgan,Education,small,88,4753343,East Jennifer,Arkansas,Taiwan,49,Premium,647764,Kristin Nichols,mark56@example.org,2024-04-23
C00417,Hood Group,Transportation,small,17,4816579,Jenkinsburgh,California,Australia,20,Standard,1766613,Duane Taylor,chad90@example.net,2021-03-12
C00418,Brown LLC,Education,large,3443,379480618,New Kelsey,Vermont,Moldova,1,Standard,2165825,Sheila Vaughn,xlee@example.net,2020-01-05
C00419,Levine-Mitchell,Media,small,82,1526785,Fitzgeraldside,Tennessee,Jordan,23,Premium,2707888,Kimberly Ingram,gilbertcox@example.org,2020-05-22
C00420,Williams-Phillips,Healthcare,large,8660,299819341,North Stevenmouth,Louisiana,Luxembourg,6,Standard,1070773,Michelle Willis,michael32@example.net,2020-11-18
C00421,Higgins-Taylor,Healthcare,small,30,4654182,North Cynthia,West Virginia,Turks and Caicos Islands,50,Standard,2416468,Christopher Mcintyre,igarcia@example.org,2023-01-31
C00422,Allen-Barajas,Education,large,7172,235841559,Rosarioburgh,Texas,Tuvalu,16,Premium,4063826,Heather Riddle,gonzalezgary@example.org,2023-06-06
C00423,Reed-Krause,Transportation,small,90,2040802,North Brittany,Delaware,Malaysia,22,Premium,1845189,Jordan Hodges,gregory62@example.net,2023-11-10
C00424,Douglas Ltd,Retail,large,6822,334731743,Lake Stephen,Indiana,Hong Kong,25,Standard,3446673,Gary Pearson,wboyd@example.org,2021-06-06
C00425,Jennings-Guerrero,Healthcare,medium,924,44260892,East Rebekahburgh,Massachusetts,Lithuania,36,Standard,4602691,Mario Higgins,timfleming@example.net,2020-06-16
C00426,"Rosales, Wagner and Anderson",Technology,large,3939,94124104,Christopherton,Mississippi,Iraq,8,Standard,799254,Ashley Lewis,mcdanielmatthew@example.net,2020-05-20
C00427,Peterson-Knight,Government,small,29,2304814,New Annstad,Montana,Jamaica,2,Standard,4763750,Toni Kirby,amberbrown@example.org,2023-11-26
C00428,Velasquez and Sons,Retail,medium,128,15917470,North Tyler,Idaho,Libyan Arab Jamahiriya,21,Basic,3389085,Jessica Anderson,malikmorgan@example.net,2022-04-20
C00429,"Smith, Miller and Guerrero",Retail,large,9185,422099700,Ronaldmouth,Arizona,Mauritius,33,Premium,4996777,Brian Williams,kimberly94@example.com,2022-09-27
C00430,"Bass, Davis and Reyes",Healthcare,medium,469,37991019,Lawsonton,Maine,Niue,1,Basic,777221,Danny Arellano,haneyalbert@example.net,2024-05-13
C00431,Rhodes LLC,Education,medium,696,21216757,New Williamburgh,New Mexico,Mali,11,Basic,800954,George Nelson,abigail05@example.com,2024-08-11
C00432,"Kidd, Murray and Martin",Finance,medium,123,44519606,Port Kathleenside,Oklahoma,Ecuador,39,Basic,4780353,Shelby Kane,middletoncharles@example.net,2021-04-07
C00433,Bryant Inc,Finance,small,42,2825184,Heatherhaven,Connecticut,Uganda,4,Premium,2430446,Marvin Anderson,gomezkimberly@example.com,2024-09-15
C00434,"Butler, Garcia and Hall",Energy,medium,355,12626338,West Jennifer,Rhode Island,Cape Verde,28,Standard,1122720,Stephanie Rogers,barreraroy@example.net,2023-05-06
C00435,"Cox, Perez and Hester",Technology,medium,824,15309939,Wattsfurt,Washington,Egypt,35,Premium,4076529,Nathan Brown,steven43@example.com,2024-02-22
C00436,Hodges and Sons,Healthcare,large,4354,440587389,Donnastad,New Mexico,Bahamas,45,Basic,3561055,Mr. Jerry Durham MD,ufrost@example.org,2024-03-10
C00437,"Stone, Green and Murphy",Energy,small,30,4013873,Wrightmouth,Colorado,Iceland,39,Basic,487248,Michael Barrett,jamesjohnson@example.com,2021-02-26
C00438,Baker Ltd,Media,small,69,4466484,New Nancyborough,Wisconsin,Solomon Islands,29,Premium,2183366,Janet Cruz,stevenhenry@example.net,2022-12-31
C00439,"Ramirez, Myers and Lewis",Technology,large,7984,174188912,Lake Charles,Massachusetts,Kiribati,25,Premium,4738114,Jeremiah Howard,bishoptanner@example.com,2022-09-04
C00440,Harris PLC,Finance,large,9259,440325509,Hayleybury,New York,Macao,37,Basic,2953832,Daniel Juarez,ieverett@example.net,2020-03-12
C00441,Cummings-Wu,Energy,small,64,4012829,Thompsonhaven,Montana,Guadeloupe,47,Premium,1992764,Elizabeth Holmes MD,donna03@example.com,2020-06-21
C00442,Johnson-Wells,Education,medium,451,33149901,North Carolynfurt,Arkansas,United States Virgin Islands,13,Premium,813189,Anthony George,ibrown@example.com,2023-05-25
C00443,Gordon and Sons,Healthcare,small,52,3103295,Michelleland,Arizona,Saint Pierre and Miquelon,35,Standard,1187128,James Hunt,tsmith@example.org,2023-05-14
C00444,Robinson-Espinoza,Healthcare,small,88,2886219,Moorehaven,Maine,Somalia,4,Basic,2320404,David Hill,mpalmer@example.net,2023-03-27
C00445,"Mcdonald, West and Spence",Technology,small,68,2048027,Christensenfort,Missouri,British Virgin Islands,19,Premium,3717224,Ryan Malone,jhamilton@example.org,2021-05-27
C00446,Cohen LLC,Energy,small,71,3291482,East Aliciaburgh,Delaware,Poland,18,Standard,1090805,Julie Berg,edward49@example.org,2024-09-27
C00447,"Woodard, Mcdaniel and Conner",Manufacturing,medium,161,42688582,North Angelaburgh,Montana,Montserrat,1,Basic,4962469,Cody Burke,chamilton@example.com,2023-01-21
C00448,Wallace-Reed,Manufacturing,small,13,1588069,East Tracy,Wyoming,Saint Kitts and Nevis,45,Standard,3387216,Lisa Khan,allison16@example.net,2022-09-22
C00449,"Gomez, Dennis and Ross",Healthcare,large,3325,127208157,South Michellestad,Vermont,Andorra,38,Standard,2664970,Thomas Giles,saundersteresa@example.com,2021-04-12
C00450,Black-Hall,Finance,large,4592,418439588,Kaneville,Maine,Honduras,8,Basic,1095827,Brian Carson,jenkinsjames@example.org,2024-08-03
C00451,"Davis, Moore and Wolfe",Finance,medium,312,25188388,Amyhaven,Vermont,Colombia,44,Basic,977283,Christopher Lawson MD,lhickman@example.net,2021-08-20
C00452,Kim Inc,Government,medium,488,18865925,Georgeborough,Nebraska,Saint Lucia,25,Premium,2592056,Raymond Mcclain,stephanieheath@example.com,2022-11-17
C00453,"Cunningham, Lang and Vega",Retail,small,66,4113625,Lake Williamfort,Virginia,Germany,4,Basic,3396601,Justin Alvarez,virginialyons@example.net,2021-09-06
C00454,Buck Group,Education,large,6291,266283247,Douglasshire,New Hampshire,Togo,21,Premium,249703,Tiffany Jones,fparks@example.org,2022-11-13
C00455,Garcia PLC,Finance,medium,155,41081997,West Derekland,Minnesota,El Salvador,40,Basic,626419,Lisa Johnson,glee@example.org,2022-07-20
C00456,Anderson Ltd,Finance,small,88,1570229,Reedton,Massachusetts,Vanuatu,22,Standard,105027,Kim Reeves,hannah95@example.net,2021-01-06
C00457,Thomas-Small,Transportation,large,9708,194553530,Amandachester,New Mexico,Syrian Arab Republic,12,Standard,1742722,Annette Keller,blyons@example.org,2020-01-28
C00458,"Chaney, Schwartz and Jones",Healthcare,large,5045,211726045,Kennethmouth,Indiana,Vanuatu,24,Premium,306282,Lori Gilbert,christian59@example.com,2022-09-22
C00459,Anderson-Lucas,Transportation,large,1369,331857133,South Jonathanhaven,South Carolina,Spain,45,Standard,2953491,Kevin Bentley,hicksjohn@example.com,2022-08-18
C00460,"Johnson, Jefferson and Bush",Transportation,medium,509,29463749,West Rebeccatown,New Hampshire,Congo,44,Basic,2236185,James Barnes,jeffrey72@example.org,2020-02-19
C00461,Evans-Davis,Energy,medium,224,35131788,New Jeremiahmouth,Massachusetts,Slovenia,38,Premium,1595175,Joseph Craig,qklein@example.net,2020-07-22
C00462,"Burke, Wolf and Cohen",Energy,small,34,994764,New Erinberg,Florida,Grenada,4,Basic,1412053,Gabriel Mclaughlin,mooremary@example.com,2020-01-29
C00463,Williams Group,Education,large,8661,291734059,Lake Josebury,Connecticut,Dominican Republic,28,Basic,2947851,Jesse Chaney,ricardojackson@example.net,2024-04-28
C00464,Murray-Delacruz,Retail,large,1691,81252728,Jessicamouth,Nebraska,Saint Vincent and the Grenadines,10,Standard,4476048,Sherri Smith,ksimpson@example.com,2024-08-26
C00465,"Russell, Williams and Rojas",Technology,small,84,3754141,New Elizabethside,Idaho,Tunisia,29,Premium,3172310,Kristin Kelley,christopherelliott@example.net,2021-11-25
C00466,Bray Ltd,Retail,small,24,2547330,Shawhaven,South Carolina,Bahamas,22,Premium,120925,Grant Green,kristinwebb@example.com,2020-10-14
C00467,"Chavez, Thompson and Henry",Finance,small,91,2059375,South Sara,Michigan,Grenada,4,Premium,3684617,Joshua Santos,amandastanley@example.org,2021-11-27
C00468,Garcia-Macias,Transportation,large,2016,348462219,Mariabury,New Mexico,Liberia,5,Premium,353143,Anthony Mcguire,riceveronica@example.org,2021-07-04
C00469,"Torres, Horton and Butler",Transportation,large,2976,171593930,Barbarafort,Rhode Island,Fiji,23,Basic,2042148,Shannon Kirby,eyoung@example.com,2024-01-15
C00470,Fowler-Craig,Technology,small,90,3199487,Wareville,Kentucky,Montenegro,8,Premium,1876364,Carlos Gomez,dray@example.com,2020-05-01
C00471,"Hahn, Williamson and Mccall",Energy,medium,525,31844190,Wheelerfurt,Louisiana,Netherlands Antilles,39,Standard,1189697,Jay Harris,lutztammy@example.net,2024-01-09
C00472,Jones Inc,Energy,small,58,706559,East Glennview,New York,Gabon,36,Basic,4346755,Karen Landry,taylor32@example.com,2023-02-16
C00473,"Lloyd, Kim and Rice",Retail,large,5048,289368670,East Heidi,Ohio,Sierra Leone,45,Standard,3249253,Matthew Mckinney,josephgross@example.com,2024-03-06
C00474,"Ramsey, Wright and Fisher",Technology,large,5732,122965391,South Wyatt,South Carolina,Cayman Islands,19,Basic,1831828,Annette Carter,bowmanadam@example.org,2023-10-16
C00475,Nunez-Yates,Education,large,2110,213114791,Julieborough,Connecticut,Algeria,31,Standard,1931409,Jessica Pitts,clinton91@example.com,2021-12-16
C00476,"Noble, Heath and Johnson",Retail,small,95,1392713,Eriktown,Colorado,Saint Helena,36,Premium,2323462,Michael Long,christine81@example.com,2022-06-22
C00477,Hobbs Inc,Government,small,90,4489186,Dwayneborough,Arkansas,Congo,27,Basic,3933486,James Harrison,timothycruz@example.org,2024-09-11
C00478,Hughes-Hampton,Retail,small,36,4694632,Samuelstad,New Hampshire,Palau,15,Basic,2344950,Laura Beard,derrickclements@example.net,2022-11-01
C00479,"Austin, Quinn and Anderson",Transportation,small,65,2357240,Normanstad,Maryland,Tokelau,1,Standard,4732397,Lisa Perry,hernandezrandy@example.com,2023-03-05
C00480,Young-Wagner,Education,large,9907,181552099,Johnstad,Alaska,Mozambique,4,Standard,1999661,Amber Atkins,vmcgee@example.org,2022-09-15
C00481,"Lewis, Glenn and Lewis",Healthcare,large,1093,494658187,Wrightton,Nevada,Iceland,47,Standard,131305,Brianna Williams,beltranwayne@example.org,2022-12-30
C00482,"Garcia, Peterson and Rodriguez",Government,large,9098,62025638,Fernandezberg,Pennsylvania,Bosnia and Herzegovina,26,Basic,4931959,Anthony Taylor,meganbarr@example.net,2024-05-05
C00483,Martinez Group,Energy,large,9034,53899670,Port Melissaview,West Virginia,Azerbaijan,18,Basic,4933580,Stephanie Kramer,michelleboyer@example.net,2024-11-29
C00484,"Miller, Garcia and Torres",Manufacturing,medium,293,24919003,Port Lorraine,South Carolina,Gibraltar,24,Basic,232325,Jonathan Rivera,lcowan@example.net,2023-02-27
C00485,"Santos, Diaz and Stevens",Healthcare,medium,284,11498009,South Amandafort,Oregon,Northern Mariana Islands,4,Premium,2253805,Lisa Dean,berrychristopher@example.org,2023-02-09
C00486,"Kennedy, Vega and Vincent",Transportation,large,6074,103875459,Brownfort,Louisiana,Netherlands,49,Basic,1194873,Diana Watson,christiewalker@example.net,2022-04-04
C00487,Santiago PLC,Government,large,3691,276329657,Maryberg,South Dakota,Togo,45,Standard,3392852,Stephen Mueller,howardkristin@example.com,2020-03-20
C00488,"Hill, Barrett and Mcpherson",Education,small,82,4473492,Katrinafurt,Illinois,Hong Kong,15,Premium,1263065,Michael Reynolds,stephenwashington@example.com,2020-11-17
C00489,"Lee, Graham and Conway",Education,small,52,3514917,Butlerport,Illinois,Ghana,4,Standard,3890901,Amber Jensen,christopher95@example.net,2021-08-12
C00490,Lindsey PLC,Manufacturing,small,28,4642814,Collinside,Idaho,Mexico,23,Basic,1717055,Beth Gonzalez,ymontgomery@example.net,2022-09-04
C00491,"Ramirez, Ware and Garner",Healthcare,large,6967,78945384,Harrisborough,Ohio,Portugal,23,Basic,2994436,Sandra Davis,shawn83@example.net,2022-11-27
C00492,Hernandez-Kerr,Media,medium,369,39064965,Colemanmouth,Alaska,United States of America,22,Standard,1692407,Sarah Moore,bentondavid@example.net,2023-05-20
C00493,Savage LLC,Technology,small,69,3154897,Kylefurt,Utah,Ecuador,22,Premium,3335289,Steven Mills,rachael53@example.net,2020-03-24
C00494,Robinson-Berg,Retail,medium,523,14875733,Michaelton,Washington,British Virgin Islands,12,Basic,4877348,Nicholas Hendricks,danieljones@example.com,2023-02-07
C00495,Sanders and Sons,Education,medium,383,29420877,South Courtneyshire,Montana,Australia,29,Premium,132999,Sara Evans,terryruth@example.com,2022-12-23
C00496,"Rios, Sanchez and Shields",Media,small,98,889125,Richardfurt,Kentucky,Hong Kong,14,Standard,1629439,Christina Crawford,ashley80@example.net,2022-06-17
C00497,"Smith, Keith and Moore",Technology,small,74,2034625,Port Jessicachester,Colorado,Liechtenstein,35,Premium,409574,Tammy Hess,jeanne16@example.com,2024-08-06
C00498,Webb-George,Finance,medium,618,48800957,East Christopher,Maryland,Estonia,17,Premium,292716,Linda Ferguson,morganjacobson@example.com,2020-08-18
C00499,"Luna, Holloway and Odonnell",Energy,medium,631,11586018,North Christopherton,Virginia,Zimbabwe,48,Basic,2821028,Andrew Hamilton,elliottwilliam@example.net,2021-06-05
C00500,Medina-Douglas,Media,medium,170,28461656,East Jameshaven,Tennessee,Philippines,37,Standard,1911176,Chelsea Pitts,devin48@example.net,2024-08-24
